
> zonas_aforo_back@0.0.1 start:dev
> nest start --watch

[2J[3J[H[[90m1:12:44 p.m.[0m] Starting compilation in watch mode...

[[90m1:12:47 p.m.[0m] Found 0 errors. Watching for file changes.

[32m[Nest] 18400  - [39m30/07/2026, 1:12:48 p.m. [32m    LOG[39m [38;5;3m[NestFactory] [39m[32mStarting Nest application...[39m
[32m[Nest] 18400  - [39m30/07/2026, 1:12:48 p.m. [32m    LOG[39m [38;5;3m[InstanceLoader] [39m[32mAppModule dependencies initialized[39m[38;5;3m +8ms[39m
[32m[Nest] 18400  - [39m30/07/2026, 1:12:48 p.m. [32m    LOG[39m [38;5;3m[InstanceLoader] [39m[32mMongooseModule dependencies initialized[39m[38;5;3m +0ms[39m
[32m[Nest] 18400  - [39m30/07/2026, 1:12:48 p.m. [32m    LOG[39m [38;5;3m[InstanceLoader] [39m[32mPassportModule dependencies initialized[39m[38;5;3m +0ms[39m
[32m[Nest] 18400  - [39m30/07/2026, 1:12:48 p.m. [32m    LOG[39m [38;5;3m[InstanceLoader] [39m[32mEdificioModule dependencies initialized[39m[38;5;3m +12ms[39m
[32m[Nest] 18400  - [39m30/07/2026, 1:12:48 p.m. [32m    LOG[39m [38;5;3m[InstanceLoader] [39m[32mEventsModule dependencies initialized[39m[38;5;3m +0ms[39m
[32m[Nest] 18400  - [39m30/07/2026, 1:12:48 p.m. [32m    LOG[39m [38;5;3m[InstanceLoader] [39m[32mConfigHostModule dependencies initialized[39m[38;5;3m +0ms[39m
[32m[Nest] 18400  - [39m30/07/2026, 1:12:48 p.m. [32m    LOG[39m [38;5;3m[InstanceLoader] [39m[32mConfigModule dependencies initialized[39m[38;5;3m +0ms[39m
[32m[Nest] 18400  - [39m30/07/2026, 1:12:48 p.m. [32m    LOG[39m [38;5;3m[InstanceLoader] [39m[32mConfigModule dependencies initialized[39m[38;5;3m +1ms[39m
[32m[Nest] 18400  - [39m30/07/2026, 1:12:48 p.m. [32m    LOG[39m [38;5;3m[InstanceLoader] [39m[32mJwtModule dependencies initialized[39m[38;5;3m +9ms[39m
[32m[Nest] 18400  - [39m30/07/2026, 1:12:50 p.m. [32m    LOG[39m [38;5;3m[InstanceLoader] [39m[32mMongooseCoreModule dependencies initialized[39m[38;5;3m +1817ms[39m
[32m[Nest] 18400  - [39m30/07/2026, 1:12:50 p.m. [32m    LOG[39m [38;5;3m[InstanceLoader] [39m[32mMongooseModule dependencies initialized[39m[38;5;3m +2ms[39m
[32m[Nest] 18400  - [39m30/07/2026, 1:12:50 p.m. [32m    LOG[39m [38;5;3m[InstanceLoader] [39m[32mMongooseModule dependencies initialized[39m[38;5;3m +1ms[39m
[32m[Nest] 18400  - [39m30/07/2026, 1:12:50 p.m. [32m    LOG[39m [38;5;3m[InstanceLoader] [39m[32mMongooseModule dependencies initialized[39m[38;5;3m +0ms[39m
[32m[Nest] 18400  - [39m30/07/2026, 1:12:50 p.m. [32m    LOG[39m [38;5;3m[InstanceLoader] [39m[32mMongooseModule dependencies initialized[39m[38;5;3m +0ms[39m
[32m[Nest] 18400  - [39m30/07/2026, 1:12:50 p.m. [32m    LOG[39m [38;5;3m[InstanceLoader] [39m[32mAuthModule dependencies initialized[39m[38;5;3m +0ms[39m
[32m[Nest] 18400  - [39m30/07/2026, 1:12:50 p.m. [32m    LOG[39m [38;5;3m[InstanceLoader] [39m[32mReservasModule dependencies initialized[39m[38;5;3m +0ms[39m
[32m[Nest] 18400  - [39m30/07/2026, 1:12:50 p.m. [32m    LOG[39m [38;5;3m[InstanceLoader] [39m[32mZonasModule dependencies initialized[39m[38;5;3m +0ms[39m
[32m[Nest] 18400  - [39m30/07/2026, 1:12:50 p.m. [32m    LOG[39m [38;5;3m[RoutesResolver] [39m[32mAuthController {/api/auth}:[39m[38;5;3m +221ms[39m
[32m[Nest] 18400  - [39m30/07/2026, 1:12:50 p.m. [32m    LOG[39m [38;5;3m[RouterExplorer] [39m[32mMapped {/api/auth/register, POST} route[39m[38;5;3m +2ms[39m
[32m[Nest] 18400  - [39m30/07/2026, 1:12:50 p.m. [32m    LOG[39m [38;5;3m[RouterExplorer] [39m[32mMapped {/api/auth/login, POST} route[39m[38;5;3m +1ms[39m
[32m[Nest] 18400  - [39m30/07/2026, 1:12:50 p.m. [32m    LOG[39m [38;5;3m[RoutesResolver] [39m[32mZonasController {/api/zonas}:[39m[38;5;3m +0ms[39m
[32m[Nest] 18400  - [39m30/07/2026, 1:12:50 p.m. [32m    LOG[39m [38;5;3m[RouterExplorer] [39m[32mMapped {/api/zonas, POST} route[39m[38;5;3m +0ms[39m
[32m[Nest] 18400  - [39m30/07/2026, 1:12:50 p.m. [32m    LOG[39m [38;5;3m[RouterExplorer] [39m[32mMapped {/api/zonas, GET} route[39m[38;5;3m +1ms[39m
[32m[Nest] 18400  - [39m30/07/2026, 1:12:50 p.m. [32m    LOG[39m [38;5;3m[RouterExplorer] [39m[32mMapped {/api/zonas/:id, GET} route[39m[38;5;3m +0ms[39m
[32m[Nest] 18400  - [39m30/07/2026, 1:12:50 p.m. [32m    LOG[39m [38;5;3m[RouterExplorer] [39m[32mMapped {/api/zonas/:id, PUT} route[39m[38;5;3m +1ms[39m
[32m[Nest] 18400  - [39m30/07/2026, 1:12:50 p.m. [32m    LOG[39m [38;5;3m[RouterExplorer] [39m[32mMapped {/api/zonas/:id, DELETE} route[39m[38;5;3m +0ms[39m
[32m[Nest] 18400  - [39m30/07/2026, 1:12:50 p.m. [32m    LOG[39m [38;5;3m[RoutesResolver] [39m[32mReservasController {/api}:[39m[38;5;3m +0ms[39m
[32m[Nest] 18400  - [39m30/07/2026, 1:12:50 p.m. [32m    LOG[39m [38;5;3m[RouterExplorer] [39m[32mMapped {/api/reservas, POST} route[39m[38;5;3m +0ms[39m
[32m[Nest] 18400  - [39m30/07/2026, 1:12:50 p.m. [32m    LOG[39m [38;5;3m[RouterExplorer] [39m[32mMapped {/api/zonas/:id/public, GET} route[39m[38;5;3m +1ms[39m
[32m[Nest] 18400  - [39m30/07/2026, 1:12:50 p.m. [32m    LOG[39m [38;5;3m[RouterExplorer] [39m[32mMapped {/api/solicitudes, POST} route[39m[38;5;3m +0ms[39m
[32m[Nest] 18400  - [39m30/07/2026, 1:12:50 p.m. [32m    LOG[39m [38;5;3m[RouterExplorer] [39m[32mMapped {/api/reservas/disponibilidad, GET} route[39m[38;5;3m +0ms[39m
[32m[Nest] 18400  - [39m30/07/2026, 1:12:50 p.m. [32m    LOG[39m [38;5;3m[RouterExplorer] [39m[32mMapped {/api/edificio/:edificioId/reservas, GET} route[39m[38;5;3m +0ms[39m
[32m[Nest] 18400  - [39m30/07/2026, 1:12:50 p.m. [32m    LOG[39m [38;5;3m[RouterExplorer] [39m[32mMapped {/api/reservas/:id/cancelar, POST} route[39m[38;5;3m +1ms[39m
[32m[Nest] 18400  - [39m30/07/2026, 1:12:50 p.m. [32m    LOG[39m [38;5;3m[RouterExplorer] [39m[32mMapped {/api/edificio/:edificioId/reportes, GET} route[39m[38;5;3m +0ms[39m
[32m[Nest] 18400  - [39m30/07/2026, 1:12:50 p.m. [32m    LOG[39m [38;5;3m[NestApplication] [39m[32mNest application successfully started[39m[38;5;3m +2ms[39m
Backend corriendo en http://localhost:3001
[2J[3J[H[[90m2:23:16 p.m.[0m] File change detected. Starting incremental compilation...

[[90m2:23:17 p.m.[0m] Found 0 errors. Watching for file changes.

[2J[3J[H[[90m2:23:18 p.m.[0m] File change detected. Starting incremental compilation...

[[90m2:23:20 p.m.[0m] Found 0 errors. Watching for file changes.

[2J[3J[H[[90m2:23:20 p.m.[0m] File change detected. Starting incremental compilation...

[[90m2:23:21 p.m.[0m] Found 0 errors. Watching for file changes.

[32m[Nest] 7644  - [39m30/07/2026, 2:23:23 p.m. [32m    LOG[39m [38;5;3m[NestFactory] [39m[32mStarting Nest application...[39m
[32m[Nest] 7644  - [39m30/07/2026, 2:23:23 p.m. [32m    LOG[39m [38;5;3m[InstanceLoader] [39m[32mAppModule dependencies initialized[39m[38;5;3m +12ms[39m
[32m[Nest] 7644  - [39m30/07/2026, 2:23:23 p.m. [32m    LOG[39m [38;5;3m[InstanceLoader] [39m[32mMongooseModule dependencies initialized[39m[38;5;3m +0ms[39m
[32m[Nest] 7644  - [39m30/07/2026, 2:23:23 p.m. [32m    LOG[39m [38;5;3m[InstanceLoader] [39m[32mPassportModule dependencies initialized[39m[38;5;3m +0ms[39m
[32m[Nest] 7644  - [39m30/07/2026, 2:23:23 p.m. [32m    LOG[39m [38;5;3m[InstanceLoader] [39m[32mEdificioModule dependencies initialized[39m[38;5;3m +0ms[39m
[32m[Nest] 7644  - [39m30/07/2026, 2:23:23 p.m. [32m    LOG[39m [38;5;3m[InstanceLoader] [39m[32mEventsModule dependencies initialized[39m[38;5;3m +0ms[39m
[32m[Nest] 7644  - [39m30/07/2026, 2:23:23 p.m. [32m    LOG[39m [38;5;3m[InstanceLoader] [39m[32mConfigHostModule dependencies initialized[39m[38;5;3m +0ms[39m
[32m[Nest] 7644  - [39m30/07/2026, 2:23:23 p.m. [32m    LOG[39m [38;5;3m[InstanceLoader] [39m[32mConfigModule dependencies initialized[39m[38;5;3m +1ms[39m
[32m[Nest] 7644  - [39m30/07/2026, 2:23:23 p.m. [32m    LOG[39m [38;5;3m[InstanceLoader] [39m[32mConfigModule dependencies initialized[39m[38;5;3m +0ms[39m
[2J[3J[H[[90m2:23:23 p.m.[0m] File change detected. Starting incremental compilation...

[32m[Nest] 7644  - [39m30/07/2026, 2:23:23 p.m. [32m    LOG[39m [38;5;3m[InstanceLoader] [39m[32mJwtModule dependencies initialized[39m[38;5;3m +15ms[39m
[32m[Nest] 7644  - [39m30/07/2026, 2:23:24 p.m. [32m    LOG[39m [38;5;3m[InstanceLoader] [39m[32mMongooseCoreModule dependencies initialized[39m[38;5;3m +547ms[39m
[32m[Nest] 7644  - [39m30/07/2026, 2:23:24 p.m. [32m    LOG[39m [38;5;3m[InstanceLoader] [39m[32mMongooseModule dependencies initialized[39m[38;5;3m +3ms[39m
[32m[Nest] 7644  - [39m30/07/2026, 2:23:24 p.m. [32m    LOG[39m [38;5;3m[InstanceLoader] [39m[32mMongooseModule dependencies initialized[39m[38;5;3m +0ms[39m
[32m[Nest] 7644  - [39m30/07/2026, 2:23:24 p.m. [32m    LOG[39m [38;5;3m[InstanceLoader] [39m[32mMongooseModule dependencies initialized[39m[38;5;3m +0ms[39m
[32m[Nest] 7644  - [39m30/07/2026, 2:23:24 p.m. [32m    LOG[39m [38;5;3m[InstanceLoader] [39m[32mMongooseModule dependencies initialized[39m[38;5;3m +0ms[39m
[32m[Nest] 7644  - [39m30/07/2026, 2:23:24 p.m. [32m    LOG[39m [38;5;3m[InstanceLoader] [39m[32mAuthModule dependencies initialized[39m[38;5;3m +1ms[39m
[32m[Nest] 7644  - [39m30/07/2026, 2:23:24 p.m. [32m    LOG[39m [38;5;3m[InstanceLoader] [39m[32mReservasModule dependencies initialized[39m[38;5;3m +0ms[39m
[32m[Nest] 7644  - [39m30/07/2026, 2:23:24 p.m. [32m    LOG[39m [38;5;3m[InstanceLoader] [39m[32mZonasModule dependencies initialized[39m[38;5;3m +0ms[39m
[[90m2:23:24 p.m.[0m] Found 0 errors. Watching for file changes.

[32m[Nest] 16752  - [39m30/07/2026, 2:23:26 p.m. [32m    LOG[39m [38;5;3m[NestFactory] [39m[32mStarting Nest application...[39m
[32m[Nest] 16752  - [39m30/07/2026, 2:23:26 p.m. [32m    LOG[39m [38;5;3m[InstanceLoader] [39m[32mAppModule dependencies initialized[39m[38;5;3m +12ms[39m
[32m[Nest] 16752  - [39m30/07/2026, 2:23:26 p.m. [32m    LOG[39m [38;5;3m[InstanceLoader] [39m[32mMongooseModule dependencies initialized[39m[38;5;3m +0ms[39m
[32m[Nest] 16752  - [39m30/07/2026, 2:23:26 p.m. [32m    LOG[39m [38;5;3m[InstanceLoader] [39m[32mPassportModule dependencies initialized[39m[38;5;3m +0ms[39m
[32m[Nest] 16752  - [39m30/07/2026, 2:23:26 p.m. [32m    LOG[39m [38;5;3m[InstanceLoader] [39m[32mEdificioModule dependencies initialized[39m[38;5;3m +0ms[39m
[32m[Nest] 16752  - [39m30/07/2026, 2:23:26 p.m. [32m    LOG[39m [38;5;3m[InstanceLoader] [39m[32mEventsModule dependencies initialized[39m[38;5;3m +0ms[39m
[32m[Nest] 16752  - [39m30/07/2026, 2:23:26 p.m. [32m    LOG[39m [38;5;3m[InstanceLoader] [39m[32mConfigHostModule dependencies initialized[39m[38;5;3m +0ms[39m
[32m[Nest] 16752  - [39m30/07/2026, 2:23:26 p.m. [32m    LOG[39m [38;5;3m[InstanceLoader] [39m[32mConfigModule dependencies initialized[39m[38;5;3m +1ms[39m
[32m[Nest] 16752  - [39m30/07/2026, 2:23:26 p.m. [32m    LOG[39m [38;5;3m[InstanceLoader] [39m[32mConfigModule dependencies initialized[39m[38;5;3m +0ms[39m
[32m[Nest] 16752  - [39m30/07/2026, 2:23:26 p.m. [32m    LOG[39m [38;5;3m[InstanceLoader] [39m[32mJwtModule dependencies initialized[39m[38;5;3m +13ms[39m
[32m[Nest] 16752  - [39m30/07/2026, 2:23:26 p.m. [32m    LOG[39m [38;5;3m[InstanceLoader] [39m[32mMongooseCoreModule dependencies initialized[39m[38;5;3m +538ms[39m
[32m[Nest] 16752  - [39m30/07/2026, 2:23:26 p.m. [32m    LOG[39m [38;5;3m[InstanceLoader] [39m[32mMongooseModule dependencies initialized[39m[38;5;3m +4ms[39m
[32m[Nest] 16752  - [39m30/07/2026, 2:23:26 p.m. [32m    LOG[39m [38;5;3m[InstanceLoader] [39m[32mMongooseModule dependencies initialized[39m[38;5;3m +1ms[39m
[32m[Nest] 16752  - [39m30/07/2026, 2:23:26 p.m. [32m    LOG[39m [38;5;3m[InstanceLoader] [39m[32mMongooseModule dependencies initialized[39m[38;5;3m +0ms[39m
[32m[Nest] 16752  - [39m30/07/2026, 2:23:26 p.m. [32m    LOG[39m [38;5;3m[InstanceLoader] [39m[32mMongooseModule dependencies initialized[39m[38;5;3m +0ms[39m
[32m[Nest] 16752  - [39m30/07/2026, 2:23:26 p.m. [32m    LOG[39m [38;5;3m[InstanceLoader] [39m[32mAuthModule dependencies initialized[39m[38;5;3m +1ms[39m
[32m[Nest] 16752  - [39m30/07/2026, 2:23:26 p.m. [32m    LOG[39m [38;5;3m[InstanceLoader] [39m[32mReservasModule dependencies initialized[39m[38;5;3m +0ms[39m
[32m[Nest] 16752  - [39m30/07/2026, 2:23:26 p.m. [32m    LOG[39m [38;5;3m[InstanceLoader] [39m[32mZonasModule dependencies initialized[39m[38;5;3m +0ms[39m
[32m[Nest] 16752  - [39m30/07/2026, 2:23:27 p.m. [32m    LOG[39m [38;5;3m[RoutesResolver] [39m[32mAuthController {/api/auth}:[39m[38;5;3m +698ms[39m
[32m[Nest] 16752  - [39m30/07/2026, 2:23:27 p.m. [32m    LOG[39m [38;5;3m[RouterExplorer] [39m[32mMapped {/api/auth/register, POST} route[39m[38;5;3m +3ms[39m
[32m[Nest] 16752  - [39m30/07/2026, 2:23:27 p.m. [32m    LOG[39m [38;5;3m[RouterExplorer] [39m[32mMapped {/api/auth/login, POST} route[39m[38;5;3m +1ms[39m
[32m[Nest] 16752  - [39m30/07/2026, 2:23:27 p.m. [32m    LOG[39m [38;5;3m[RoutesResolver] [39m[32mZonasController {/api/zonas}:[39m[38;5;3m +0ms[39m
[32m[Nest] 16752  - [39m30/07/2026, 2:23:27 p.m. [32m    LOG[39m [38;5;3m[RouterExplorer] [39m[32mMapped {/api/zonas, POST} route[39m[38;5;3m +0ms[39m
[32m[Nest] 16752  - [39m30/07/2026, 2:23:27 p.m. [32m    LOG[39m [38;5;3m[RouterExplorer] [39m[32mMapped {/api/zonas, GET} route[39m[38;5;3m +0ms[39m
[32m[Nest] 16752  - [39m30/07/2026, 2:23:27 p.m. [32m    LOG[39m [38;5;3m[RouterExplorer] [39m[32mMapped {/api/zonas/:id, GET} route[39m[38;5;3m +1ms[39m
[32m[Nest] 16752  - [39m30/07/2026, 2:23:27 p.m. [32m    LOG[39m [38;5;3m[RouterExplorer] [39m[32mMapped {/api/zonas/:id, PUT} route[39m[38;5;3m +0ms[39m
[32m[Nest] 16752  - [39m30/07/2026, 2:23:27 p.m. [32m    LOG[39m [38;5;3m[RouterExplorer] [39m[32mMapped {/api/zonas/:id, DELETE} route[39m[38;5;3m +0ms[39m
[32m[Nest] 16752  - [39m30/07/2026, 2:23:27 p.m. [32m    LOG[39m [38;5;3m[RoutesResolver] [39m[32mReservasController {/api}:[39m[38;5;3m +0ms[39m
[32m[Nest] 16752  - [39m30/07/2026, 2:23:27 p.m. [32m    LOG[39m [38;5;3m[RouterExplorer] [39m[32mMapped {/api/reservas, POST} route[39m[38;5;3m +1ms[39m
[32m[Nest] 16752  - [39m30/07/2026, 2:23:27 p.m. [32m    LOG[39m [38;5;3m[RouterExplorer] [39m[32mMapped {/api/zonas/:id/public, GET} route[39m[38;5;3m +0ms[39m
[32m[Nest] 16752  - [39m30/07/2026, 2:23:27 p.m. [32m    LOG[39m [38;5;3m[RouterExplorer] [39m[32mMapped {/api/solicitudes, POST} route[39m[38;5;3m +0ms[39m
[32m[Nest] 16752  - [39m30/07/2026, 2:23:27 p.m. [32m    LOG[39m [38;5;3m[RouterExplorer] [39m[32mMapped {/api/reservas/disponibilidad, GET} route[39m[38;5;3m +0ms[39m
[32m[Nest] 16752  - [39m30/07/2026, 2:23:27 p.m. [32m    LOG[39m [38;5;3m[RouterExplorer] [39m[32mMapped {/api/edificio/:edificioId/reservas, GET} route[39m[38;5;3m +0ms[39m
[32m[Nest] 16752  - [39m30/07/2026, 2:23:27 p.m. [32m    LOG[39m [38;5;3m[RouterExplorer] [39m[32mMapped {/api/reservas/:id/cancelar, POST} route[39m[38;5;3m +0ms[39m
[32m[Nest] 16752  - [39m30/07/2026, 2:23:27 p.m. [32m    LOG[39m [38;5;3m[RouterExplorer] [39m[32mMapped {/api/edificio/:edificioId/reportes, GET} route[39m[38;5;3m +0ms[39m
[32m[Nest] 16752  - [39m30/07/2026, 2:23:27 p.m. [32m    LOG[39m [38;5;3m[NestApplication] [39m[32mNest application successfully started[39m[38;5;3m +2ms[39m
Backend corriendo en http://localhost:3001
[2J[3J[H[[90m2:23:28 p.m.[0m] File change detected. Starting incremental compilation...

[[90m2:23:28 p.m.[0m] Found 0 errors. Watching for file changes.

[32m[Nest] 42512  - [39m30/07/2026, 2:23:30 p.m. [32m    LOG[39m [38;5;3m[NestFactory] [39m[32mStarting Nest application...[39m
[32m[Nest] 42512  - [39m30/07/2026, 2:23:30 p.m. [32m    LOG[39m [38;5;3m[InstanceLoader] [39m[32mAppModule dependencies initialized[39m[38;5;3m +9ms[39m
[32m[Nest] 42512  - [39m30/07/2026, 2:23:30 p.m. [32m    LOG[39m [38;5;3m[InstanceLoader] [39m[32mMongooseModule dependencies initialized[39m[38;5;3m +0ms[39m
[32m[Nest] 42512  - [39m30/07/2026, 2:23:30 p.m. [32m    LOG[39m [38;5;3m[InstanceLoader] [39m[32mPassportModule dependencies initialized[39m[38;5;3m +1ms[39m
[32m[Nest] 42512  - [39m30/07/2026, 2:23:30 p.m. [32m    LOG[39m [38;5;3m[InstanceLoader] [39m[32mEdificioModule dependencies initialized[39m[38;5;3m +0ms[39m
[32m[Nest] 42512  - [39m30/07/2026, 2:23:30 p.m. [32m    LOG[39m [38;5;3m[InstanceLoader] [39m[32mEventsModule dependencies initialized[39m[38;5;3m +0ms[39m
[32m[Nest] 42512  - [39m30/07/2026, 2:23:30 p.m. [32m    LOG[39m [38;5;3m[InstanceLoader] [39m[32mConfigHostModule dependencies initialized[39m[38;5;3m +0ms[39m
[32m[Nest] 42512  - [39m30/07/2026, 2:23:30 p.m. [32m    LOG[39m [38;5;3m[InstanceLoader] [39m[32mConfigModule dependencies initialized[39m[38;5;3m +0ms[39m
[32m[Nest] 42512  - [39m30/07/2026, 2:23:30 p.m. [32m    LOG[39m [38;5;3m[InstanceLoader] [39m[32mConfigModule dependencies initialized[39m[38;5;3m +0ms[39m
[32m[Nest] 42512  - [39m30/07/2026, 2:23:30 p.m. [32m    LOG[39m [38;5;3m[InstanceLoader] [39m[32mJwtModule dependencies initialized[39m[38;5;3m +12ms[39m
[32m[Nest] 42512  - [39m30/07/2026, 2:23:30 p.m. [32m    LOG[39m [38;5;3m[InstanceLoader] [39m[32mMongooseCoreModule dependencies initialized[39m[38;5;3m +584ms[39m
[32m[Nest] 42512  - [39m30/07/2026, 2:23:30 p.m. [32m    LOG[39m [38;5;3m[InstanceLoader] [39m[32mMongooseModule dependencies initialized[39m[38;5;3m +3ms[39m
[32m[Nest] 42512  - [39m30/07/2026, 2:23:30 p.m. [32m    LOG[39m [38;5;3m[InstanceLoader] [39m[32mMongooseModule dependencies initialized[39m[38;5;3m +0ms[39m
[32m[Nest] 42512  - [39m30/07/2026, 2:23:30 p.m. [32m    LOG[39m [38;5;3m[InstanceLoader] [39m[32mMongooseModule dependencies initialized[39m[38;5;3m +0ms[39m
[32m[Nest] 42512  - [39m30/07/2026, 2:23:30 p.m. [32m    LOG[39m [38;5;3m[InstanceLoader] [39m[32mMongooseModule dependencies initialized[39m[38;5;3m +0ms[39m
[32m[Nest] 42512  - [39m30/07/2026, 2:23:30 p.m. [32m    LOG[39m [38;5;3m[InstanceLoader] [39m[32mAuthModule dependencies initialized[39m[38;5;3m +1ms[39m
[32m[Nest] 42512  - [39m30/07/2026, 2:23:30 p.m. [32m    LOG[39m [38;5;3m[InstanceLoader] [39m[32mReservasModule dependencies initialized[39m[38;5;3m +0ms[39m
[32m[Nest] 42512  - [39m30/07/2026, 2:23:30 p.m. [32m    LOG[39m [38;5;3m[InstanceLoader] [39m[32mZonasModule dependencies initialized[39m[38;5;3m +0ms[39m
[32m[Nest] 42512  - [39m30/07/2026, 2:23:30 p.m. [32m    LOG[39m [38;5;3m[RoutesResolver] [39m[32mAuthController {/api/auth}:[39m[38;5;3m +300ms[39m
[32m[Nest] 42512  - [39m30/07/2026, 2:23:30 p.m. [32m    LOG[39m [38;5;3m[RouterExplorer] [39m[32mMapped {/api/auth/register, POST} route[39m[38;5;3m +2ms[39m
[32m[Nest] 42512  - [39m30/07/2026, 2:23:30 p.m. [32m    LOG[39m [38;5;3m[RouterExplorer] [39m[32mMapped {/api/auth/login, POST} route[39m[38;5;3m +0ms[39m
[32m[Nest] 42512  - [39m30/07/2026, 2:23:30 p.m. [32m    LOG[39m [38;5;3m[RoutesResolver] [39m[32mZonasController {/api/zonas}:[39m[38;5;3m +0ms[39m
[32m[Nest] 42512  - [39m30/07/2026, 2:23:30 p.m. [32m    LOG[39m [38;5;3m[RouterExplorer] [39m[32mMapped {/api/zonas, POST} route[39m[38;5;3m +1ms[39m
[32m[Nest] 42512  - [39m30/07/2026, 2:23:30 p.m. [32m    LOG[39m [38;5;3m[RouterExplorer] [39m[32mMapped {/api/zonas, GET} route[39m[38;5;3m +0ms[39m
[32m[Nest] 42512  - [39m30/07/2026, 2:23:30 p.m. [32m    LOG[39m [38;5;3m[RouterExplorer] [39m[32mMapped {/api/zonas/:id, GET} route[39m[38;5;3m +1ms[39m
[32m[Nest] 42512  - [39m30/07/2026, 2:23:30 p.m. [32m    LOG[39m [38;5;3m[RouterExplorer] [39m[32mMapped {/api/zonas/:id, PUT} route[39m[38;5;3m +0ms[39m
[32m[Nest] 42512  - [39m30/07/2026, 2:23:30 p.m. [32m    LOG[39m [38;5;3m[RouterExplorer] [39m[32mMapped {/api/zonas/:id, DELETE} route[39m[38;5;3m +0ms[39m
[32m[Nest] 42512  - [39m30/07/2026, 2:23:30 p.m. [32m    LOG[39m [38;5;3m[RoutesResolver] [39m[32mReservasController {/api}:[39m[38;5;3m +0ms[39m
[32m[Nest] 42512  - [39m30/07/2026, 2:23:30 p.m. [32m    LOG[39m [38;5;3m[RouterExplorer] [39m[32mMapped {/api/reservas, POST} route[39m[38;5;3m +0ms[39m
[32m[Nest] 42512  - [39m30/07/2026, 2:23:30 p.m. [32m    LOG[39m [38;5;3m[RouterExplorer] [39m[32mMapped {/api/zonas/:id/public, GET} route[39m[38;5;3m +1ms[39m
[32m[Nest] 42512  - [39m30/07/2026, 2:23:30 p.m. [32m    LOG[39m [38;5;3m[RouterExplorer] [39m[32mMapped {/api/solicitudes, POST} route[39m[38;5;3m +0ms[39m
[32m[Nest] 42512  - [39m30/07/2026, 2:23:30 p.m. [32m    LOG[39m [38;5;3m[RouterExplorer] [39m[32mMapped {/api/reservas/disponibilidad, GET} route[39m[38;5;3m +0ms[39m
[32m[Nest] 42512  - [39m30/07/2026, 2:23:30 p.m. [32m    LOG[39m [38;5;3m[RouterExplorer] [39m[32mMapped {/api/edificio/:edificioId/reservas, GET} route[39m[38;5;3m +0ms[39m
[32m[Nest] 42512  - [39m30/07/2026, 2:23:30 p.m. [32m    LOG[39m [38;5;3m[RouterExplorer] [39m[32mMapped {/api/reservas/:id/cancelar, POST} route[39m[38;5;3m +0ms[39m
[32m[Nest] 42512  - [39m30/07/2026, 2:23:30 p.m. [32m    LOG[39m [38;5;3m[RouterExplorer] [39m[32mMapped {/api/edificio/:edificioId/reportes, GET} route[39m[38;5;3m +0ms[39m
[32m[Nest] 42512  - [39m30/07/2026, 2:23:30 p.m. [32m    LOG[39m [38;5;3m[NestApplication] [39m[32mNest application successfully started[39m[38;5;3m +2ms[39m
[31m[Nest] 42512  - [39m30/07/2026, 2:23:30 p.m. [31m  ERROR[39m [38;5;3m[NestApplication] [39m[31mError: listen EADDRINUSE: address already in use :::3001[39m[38;5;3m +14ms[39m
node:net:1940
    const ex = new UVExceptionWithHostPort(err, 'listen', address, port);
               ^

Error: listen EADDRINUSE: address already in use :::3001
    at Server.setupListenHandle [as _listen2] (node:net:1940:16)
    at listenInCluster (node:net:1997:12)
    at Server.listen (node:net:2102:7)
    at ExpressAdapter.listen (C:\Users\sistemas\OneDrive - Thomas Seguridad Integral\Documentos\Desarrollo\personal\zonas_aforo\zonas_aforo_back\node_modules\@nestjs\platform-express\adapters\express-adapter.js:115:32)
    at C:\Users\sistemas\OneDrive - Thomas Seguridad Integral\Documentos\Desarrollo\personal\zonas_aforo\zonas_aforo_back\node_modules\@nestjs\core\nest-application.js:190:30
    at new Promise (<anonymous>)
    at NestApplication.listen (C:\Users\sistemas\OneDrive - Thomas Seguridad Integral\Documentos\Desarrollo\personal\zonas_aforo\zonas_aforo_back\node_modules\@nestjs\core\nest-application.js:180:16)
    at process.processTicksAndRejections (node:internal/process/task_queues:103:5)
    at async bootstrap (C:\Users\sistemas\OneDrive - Thomas Seguridad Integral\Documentos\Desarrollo\personal\zonas_aforo\zonas_aforo_back\src\main.ts:18:3) {
  code: 'EADDRINUSE',
  errno: -4091,
  syscall: 'listen',
  address: '::',
  port: 3001
}

Node.js v24.11.1
[2J[3J[H[[90m2:24:08 p.m.[0m] File change detected. Starting incremental compilation...

[2J[3J[H[[90m2:24:08 p.m.[0m] File change detected. Starting incremental compilation...

[2J[3J[H[[90m2:27:59 p.m.[0m] File change detected. Starting incremental compilation...

[[90m2:27:59 p.m.[0m] Found 0 errors. Watching for file changes.

[32m[Nest] 38728  - [39m30/07/2026, 2:28:02 p.m. [32m    LOG[39m [38;5;3m[NestFactory] [39m[32mStarting Nest application...[39m
[32m[Nest] 38728  - [39m30/07/2026, 2:28:02 p.m. [32m    LOG[39m [38;5;3m[InstanceLoader] [39m[32mAppModule dependencies initialized[39m[38;5;3m +15ms[39m
[32m[Nest] 38728  - [39m30/07/2026, 2:28:02 p.m. [32m    LOG[39m [38;5;3m[InstanceLoader] [39m[32mMongooseModule dependencies initialized[39m[38;5;3m +0ms[39m
[32m[Nest] 38728  - [39m30/07/2026, 2:28:02 p.m. [32m    LOG[39m [38;5;3m[InstanceLoader] [39m[32mPassportModule dependencies initialized[39m[38;5;3m +0ms[39m
[32m[Nest] 38728  - [39m30/07/2026, 2:28:02 p.m. [32m    LOG[39m [38;5;3m[InstanceLoader] [39m[32mEdificioModule dependencies initialized[39m[38;5;3m +0ms[39m
[32m[Nest] 38728  - [39m30/07/2026, 2:28:02 p.m. [32m    LOG[39m [38;5;3m[InstanceLoader] [39m[32mEventsModule dependencies initialized[39m[38;5;3m +0ms[39m
[32m[Nest] 38728  - [39m30/07/2026, 2:28:02 p.m. [32m    LOG[39m [38;5;3m[InstanceLoader] [39m[32mConfigHostModule dependencies initialized[39m[38;5;3m +0ms[39m
[32m[Nest] 38728  - [39m30/07/2026, 2:28:02 p.m. [32m    LOG[39m [38;5;3m[InstanceLoader] [39m[32mConfigModule dependencies initialized[39m[38;5;3m +1ms[39m
[32m[Nest] 38728  - [39m30/07/2026, 2:28:02 p.m. [32m    LOG[39m [38;5;3m[InstanceLoader] [39m[32mConfigModule dependencies initialized[39m[38;5;3m +0ms[39m
[32m[Nest] 38728  - [39m30/07/2026, 2:28:02 p.m. [32m    LOG[39m [38;5;3m[InstanceLoader] [39m[32mJwtModule dependencies initialized[39m[38;5;3m +14ms[39m
[32m[Nest] 38728  - [39m30/07/2026, 2:28:02 p.m. [32m    LOG[39m [38;5;3m[InstanceLoader] [39m[32mMongooseCoreModule dependencies initialized[39m[38;5;3m +573ms[39m
[32m[Nest] 38728  - [39m30/07/2026, 2:28:02 p.m. [32m    LOG[39m [38;5;3m[InstanceLoader] [39m[32mMongooseModule dependencies initialized[39m[38;5;3m +2ms[39m
[32m[Nest] 38728  - [39m30/07/2026, 2:28:02 p.m. [32m    LOG[39m [38;5;3m[InstanceLoader] [39m[32mMongooseModule dependencies initialized[39m[38;5;3m +0ms[39m
[32m[Nest] 38728  - [39m30/07/2026, 2:28:02 p.m. [32m    LOG[39m [38;5;3m[InstanceLoader] [39m[32mMongooseModule dependencies initialized[39m[38;5;3m +0ms[39m
[32m[Nest] 38728  - [39m30/07/2026, 2:28:02 p.m. [32m    LOG[39m [38;5;3m[InstanceLoader] [39m[32mMongooseModule dependencies initialized[39m[38;5;3m +0ms[39m
[32m[Nest] 38728  - [39m30/07/2026, 2:28:02 p.m. [32m    LOG[39m [38;5;3m[InstanceLoader] [39m[32mAuthModule dependencies initialized[39m[38;5;3m +1ms[39m
[32m[Nest] 38728  - [39m30/07/2026, 2:28:02 p.m. [32m    LOG[39m [38;5;3m[InstanceLoader] [39m[32mReservasModule dependencies initialized[39m[38;5;3m +0ms[39m
[32m[Nest] 38728  - [39m30/07/2026, 2:28:02 p.m. [32m    LOG[39m [38;5;3m[InstanceLoader] [39m[32mZonasModule dependencies initialized[39m[38;5;3m +0ms[39m
[32m[Nest] 38728  - [39m30/07/2026, 2:28:03 p.m. [32m    LOG[39m [38;5;3m[RoutesResolver] [39m[32mAuthController {/api/auth}:[39m[38;5;3m +520ms[39m
[32m[Nest] 38728  - [39m30/07/2026, 2:28:03 p.m. [32m    LOG[39m [38;5;3m[RouterExplorer] [39m[32mMapped {/api/auth/register, POST} route[39m[38;5;3m +3ms[39m
[32m[Nest] 38728  - [39m30/07/2026, 2:28:03 p.m. [32m    LOG[39m [38;5;3m[RouterExplorer] [39m[32mMapped {/api/auth/login, POST} route[39m[38;5;3m +0ms[39m
[32m[Nest] 38728  - [39m30/07/2026, 2:28:03 p.m. [32m    LOG[39m [38;5;3m[RoutesResolver] [39m[32mZonasController {/api/zonas}:[39m[38;5;3m +1ms[39m
[32m[Nest] 38728  - [39m30/07/2026, 2:28:03 p.m. [32m    LOG[39m [38;5;3m[RouterExplorer] [39m[32mMapped {/api/zonas, POST} route[39m[38;5;3m +1ms[39m
[32m[Nest] 38728  - [39m30/07/2026, 2:28:03 p.m. [32m    LOG[39m [38;5;3m[RouterExplorer] [39m[32mMapped {/api/zonas, GET} route[39m[38;5;3m +0ms[39m
[32m[Nest] 38728  - [39m30/07/2026, 2:28:03 p.m. [32m    LOG[39m [38;5;3m[RouterExplorer] [39m[32mMapped {/api/zonas/:id, GET} route[39m[38;5;3m +1ms[39m
[32m[Nest] 38728  - [39m30/07/2026, 2:28:03 p.m. [32m    LOG[39m [38;5;3m[RouterExplorer] [39m[32mMapped {/api/zonas/:id, PUT} route[39m[38;5;3m +0ms[39m
[32m[Nest] 38728  - [39m30/07/2026, 2:28:03 p.m. [32m    LOG[39m [38;5;3m[RouterExplorer] [39m[32mMapped {/api/zonas/:id, DELETE} route[39m[38;5;3m +1ms[39m
[32m[Nest] 38728  - [39m30/07/2026, 2:28:03 p.m. [32m    LOG[39m [38;5;3m[RoutesResolver] [39m[32mReservasController {/api}:[39m[38;5;3m +0ms[39m
[32m[Nest] 38728  - [39m30/07/2026, 2:28:03 p.m. [32m    LOG[39m [38;5;3m[RouterExplorer] [39m[32mMapped {/api/reservas, POST} route[39m[38;5;3m +0ms[39m
[32m[Nest] 38728  - [39m30/07/2026, 2:28:03 p.m. [32m    LOG[39m [38;5;3m[RouterExplorer] [39m[32mMapped {/api/zonas/:id/public, GET} route[39m[38;5;3m +1ms[39m
[32m[Nest] 38728  - [39m30/07/2026, 2:28:03 p.m. [32m    LOG[39m [38;5;3m[RouterExplorer] [39m[32mMapped {/api/solicitudes, POST} route[39m[38;5;3m +0ms[39m
[32m[Nest] 38728  - [39m30/07/2026, 2:28:03 p.m. [32m    LOG[39m [38;5;3m[RouterExplorer] [39m[32mMapped {/api/reservas/disponibilidad, GET} route[39m[38;5;3m +1ms[39m
[32m[Nest] 38728  - [39m30/07/2026, 2:28:03 p.m. [32m    LOG[39m [38;5;3m[RouterExplorer] [39m[32mMapped {/api/edificio/:edificioId/reservas, GET} route[39m[38;5;3m +0ms[39m
[32m[Nest] 38728  - [39m30/07/2026, 2:28:03 p.m. [32m    LOG[39m [38;5;3m[RouterExplorer] [39m[32mMapped {/api/reservas/:id/cancelar, POST} route[39m[38;5;3m +0ms[39m
[32m[Nest] 38728  - [39m30/07/2026, 2:28:03 p.m. [32m    LOG[39m [38;5;3m[RouterExplorer] [39m[32mMapped {/api/edificio/:edificioId/reportes, GET} route[39m[38;5;3m +0ms[39m
[32m[Nest] 38728  - [39m30/07/2026, 2:28:03 p.m. [32m    LOG[39m [38;5;3m[NestApplication] [39m[32mNest application successfully started[39m[38;5;3m +3ms[39m
[31m[Nest] 38728  - [39m30/07/2026, 2:28:03 p.m. [31m  ERROR[39m [38;5;3m[NestApplication] [39m[31mError: listen EADDRINUSE: address already in use :::3001[39m[38;5;3m +23ms[39m
node:net:1940
    const ex = new UVExceptionWithHostPort(err, 'listen', address, port);
               ^

Error: listen EADDRINUSE: address already in use :::3001
    at Server.setupListenHandle [as _listen2] (node:net:1940:16)
    at listenInCluster (node:net:1997:12)
    at Server.listen (node:net:2102:7)
    at ExpressAdapter.listen (C:\Users\sistemas\OneDrive - Thomas Seguridad Integral\Documentos\Desarrollo\personal\zonas_aforo\zonas_aforo_back\node_modules\@nestjs\platform-express\adapters\express-adapter.js:115:32)
    at C:\Users\sistemas\OneDrive - Thomas Seguridad Integral\Documentos\Desarrollo\personal\zonas_aforo\zonas_aforo_back\node_modules\@nestjs\core\nest-application.js:190:30
    at new Promise (<anonymous>)
    at NestApplication.listen (C:\Users\sistemas\OneDrive - Thomas Seguridad Integral\Documentos\Desarrollo\personal\zonas_aforo\zonas_aforo_back\node_modules\@nestjs\core\nest-application.js:180:16)
    at process.processTicksAndRejections (node:internal/process/task_queues:103:5)
    at async bootstrap (C:\Users\sistemas\OneDrive - Thomas Seguridad Integral\Documentos\Desarrollo\personal\zonas_aforo\zonas_aforo_back\src\main.ts:18:3) {
  code: 'EADDRINUSE',
  errno: -4091,
  syscall: 'listen',
  address: '::',
  port: 3001
}

Node.js v24.11.1
[2J[3J[H[[90m2:28:55 p.m.[0m] File change detected. Starting incremental compilation...

[[90m2:28:56 p.m.[0m] Found 0 errors. Watching for file changes.

[32m[Nest] 39416  - [39m30/07/2026, 2:28:58 p.m. [32m    LOG[39m [38;5;3m[NestFactory] [39m[32mStarting Nest application...[39m
[32m[Nest] 39416  - [39m30/07/2026, 2:28:58 p.m. [32m    LOG[39m [38;5;3m[InstanceLoader] [39m[32mAppModule dependencies initialized[39m[38;5;3m +17ms[39m
[32m[Nest] 39416  - [39m30/07/2026, 2:28:58 p.m. [32m    LOG[39m [38;5;3m[InstanceLoader] [39m[32mMongooseModule dependencies initialized[39m[38;5;3m +0ms[39m
[32m[Nest] 39416  - [39m30/07/2026, 2:28:58 p.m. [32m    LOG[39m [38;5;3m[InstanceLoader] [39m[32mPassportModule dependencies initialized[39m[38;5;3m +0ms[39m
[32m[Nest] 39416  - [39m30/07/2026, 2:28:58 p.m. [32m    LOG[39m [38;5;3m[InstanceLoader] [39m[32mEdificioModule dependencies initialized[39m[38;5;3m +0ms[39m
[32m[Nest] 39416  - [39m30/07/2026, 2:28:58 p.m. [32m    LOG[39m [38;5;3m[InstanceLoader] [39m[32mEventsModule dependencies initialized[39m[38;5;3m +0ms[39m
[32m[Nest] 39416  - [39m30/07/2026, 2:28:58 p.m. [32m    LOG[39m [38;5;3m[InstanceLoader] [39m[32mConfigHostModule dependencies initialized[39m[38;5;3m +0ms[39m
[32m[Nest] 39416  - [39m30/07/2026, 2:28:58 p.m. [32m    LOG[39m [38;5;3m[InstanceLoader] [39m[32mConfigModule dependencies initialized[39m[38;5;3m +1ms[39m
[32m[Nest] 39416  - [39m30/07/2026, 2:28:58 p.m. [32m    LOG[39m [38;5;3m[InstanceLoader] [39m[32mConfigModule dependencies initialized[39m[38;5;3m +0ms[39m
[32m[Nest] 39416  - [39m30/07/2026, 2:28:58 p.m. [32m    LOG[39m [38;5;3m[InstanceLoader] [39m[32mJwtModule dependencies initialized[39m[38;5;3m +13ms[39m
[32m[Nest] 39416  - [39m30/07/2026, 2:28:59 p.m. [32m    LOG[39m [38;5;3m[InstanceLoader] [39m[32mMongooseCoreModule dependencies initialized[39m[38;5;3m +571ms[39m
[32m[Nest] 39416  - [39m30/07/2026, 2:28:59 p.m. [32m    LOG[39m [38;5;3m[InstanceLoader] [39m[32mMongooseModule dependencies initialized[39m[38;5;3m +6ms[39m
[32m[Nest] 39416  - [39m30/07/2026, 2:28:59 p.m. [32m    LOG[39m [38;5;3m[InstanceLoader] [39m[32mMongooseModule dependencies initialized[39m[38;5;3m +0ms[39m
[32m[Nest] 39416  - [39m30/07/2026, 2:28:59 p.m. [32m    LOG[39m [38;5;3m[InstanceLoader] [39m[32mMongooseModule dependencies initialized[39m[38;5;3m +1ms[39m
[32m[Nest] 39416  - [39m30/07/2026, 2:28:59 p.m. [32m    LOG[39m [38;5;3m[InstanceLoader] [39m[32mMongooseModule dependencies initialized[39m[38;5;3m +0ms[39m
[32m[Nest] 39416  - [39m30/07/2026, 2:28:59 p.m. [32m    LOG[39m [38;5;3m[InstanceLoader] [39m[32mAuthModule dependencies initialized[39m[38;5;3m +1ms[39m
[32m[Nest] 39416  - [39m30/07/2026, 2:28:59 p.m. [32m    LOG[39m [38;5;3m[InstanceLoader] [39m[32mReservasModule dependencies initialized[39m[38;5;3m +1ms[39m
[32m[Nest] 39416  - [39m30/07/2026, 2:28:59 p.m. [32m    LOG[39m [38;5;3m[InstanceLoader] [39m[32mZonasModule dependencies initialized[39m[38;5;3m +0ms[39m
[32m[Nest] 39416  - [39m30/07/2026, 2:28:59 p.m. [32m    LOG[39m [38;5;3m[RoutesResolver] [39m[32mAuthController {/api/auth}:[39m[38;5;3m +669ms[39m
[32m[Nest] 39416  - [39m30/07/2026, 2:28:59 p.m. [32m    LOG[39m [38;5;3m[RouterExplorer] [39m[32mMapped {/api/auth/register, POST} route[39m[38;5;3m +3ms[39m
[32m[Nest] 39416  - [39m30/07/2026, 2:28:59 p.m. [32m    LOG[39m [38;5;3m[RouterExplorer] [39m[32mMapped {/api/auth/login, POST} route[39m[38;5;3m +0ms[39m
[32m[Nest] 39416  - [39m30/07/2026, 2:28:59 p.m. [32m    LOG[39m [38;5;3m[RoutesResolver] [39m[32mZonasController {/api/zonas}:[39m[38;5;3m +0ms[39m
[32m[Nest] 39416  - [39m30/07/2026, 2:28:59 p.m. [32m    LOG[39m [38;5;3m[RouterExplorer] [39m[32mMapped {/api/zonas, POST} route[39m[38;5;3m +1ms[39m
[32m[Nest] 39416  - [39m30/07/2026, 2:28:59 p.m. [32m    LOG[39m [38;5;3m[RouterExplorer] [39m[32mMapped {/api/zonas, GET} route[39m[38;5;3m +0ms[39m
[32m[Nest] 39416  - [39m30/07/2026, 2:28:59 p.m. [32m    LOG[39m [38;5;3m[RouterExplorer] [39m[32mMapped {/api/zonas/:id, GET} route[39m[38;5;3m +1ms[39m
[32m[Nest] 39416  - [39m30/07/2026, 2:28:59 p.m. [32m    LOG[39m [38;5;3m[RouterExplorer] [39m[32mMapped {/api/zonas/:id, PUT} route[39m[38;5;3m +0ms[39m
[32m[Nest] 39416  - [39m30/07/2026, 2:28:59 p.m. [32m    LOG[39m [38;5;3m[RouterExplorer] [39m[32mMapped {/api/zonas/:id, DELETE} route[39m[38;5;3m +1ms[39m
[32m[Nest] 39416  - [39m30/07/2026, 2:28:59 p.m. [32m    LOG[39m [38;5;3m[RoutesResolver] [39m[32mReservasController {/api}:[39m[38;5;3m +0ms[39m
[32m[Nest] 39416  - [39m30/07/2026, 2:28:59 p.m. [32m    LOG[39m [38;5;3m[RouterExplorer] [39m[32mMapped {/api/reservas, POST} route[39m[38;5;3m +0ms[39m
[32m[Nest] 39416  - [39m30/07/2026, 2:28:59 p.m. [32m    LOG[39m [38;5;3m[RouterExplorer] [39m[32mMapped {/api/zonas/:id/public, GET} route[39m[38;5;3m +0ms[39m
[32m[Nest] 39416  - [39m30/07/2026, 2:28:59 p.m. [32m    LOG[39m [38;5;3m[RouterExplorer] [39m[32mMapped {/api/solicitudes, POST} route[39m[38;5;3m +1ms[39m
[32m[Nest] 39416  - [39m30/07/2026, 2:28:59 p.m. [32m    LOG[39m [38;5;3m[RouterExplorer] [39m[32mMapped {/api/reservas/disponibilidad, GET} route[39m[38;5;3m +0ms[39m
[32m[Nest] 39416  - [39m30/07/2026, 2:28:59 p.m. [32m    LOG[39m [38;5;3m[RouterExplorer] [39m[32mMapped {/api/edificio/:edificioId/reservas, GET} route[39m[38;5;3m +0ms[39m
[32m[Nest] 39416  - [39m30/07/2026, 2:28:59 p.m. [32m    LOG[39m [38;5;3m[RouterExplorer] [39m[32mMapped {/api/reservas/:id/cancelar, POST} route[39m[38;5;3m +0ms[39m
[32m[Nest] 39416  - [39m30/07/2026, 2:28:59 p.m. [32m    LOG[39m [38;5;3m[RouterExplorer] [39m[32mMapped {/api/edificio/:edificioId/reportes, GET} route[39m[38;5;3m +1ms[39m
[32m[Nest] 39416  - [39m30/07/2026, 2:28:59 p.m. [32m    LOG[39m [38;5;3m[NestApplication] [39m[32mNest application successfully started[39m[38;5;3m +2ms[39m
[31m[Nest] 39416  - [39m30/07/2026, 2:29:00 p.m. [31m  ERROR[39m [38;5;3m[NestApplication] [39m[31mError: listen EADDRINUSE: address already in use :::3001[39m[38;5;3m +22ms[39m
node:net:1940
    const ex = new UVExceptionWithHostPort(err, 'listen', address, port);
               ^

Error: listen EADDRINUSE: address already in use :::3001
    at Server.setupListenHandle [as _listen2] (node:net:1940:16)
    at listenInCluster (node:net:1997:12)
    at Server.listen (node:net:2102:7)
    at ExpressAdapter.listen (C:\Users\sistemas\OneDrive - Thomas Seguridad Integral\Documentos\Desarrollo\personal\zonas_aforo\zonas_aforo_back\node_modules\@nestjs\platform-express\adapters\express-adapter.js:115:32)
    at C:\Users\sistemas\OneDrive - Thomas Seguridad Integral\Documentos\Desarrollo\personal\zonas_aforo\zonas_aforo_back\node_modules\@nestjs\core\nest-application.js:190:30
    at new Promise (<anonymous>)
    at NestApplication.listen (C:\Users\sistemas\OneDrive - Thomas Seguridad Integral\Documentos\Desarrollo\personal\zonas_aforo\zonas_aforo_back\node_modules\@nestjs\core\nest-application.js:180:16)
    at process.processTicksAndRejections (node:internal/process/task_queues:103:5)
    at async bootstrap (C:\Users\sistemas\OneDrive - Thomas Seguridad Integral\Documentos\Desarrollo\personal\zonas_aforo\zonas_aforo_back\src\main.ts:18:3) {
  code: 'EADDRINUSE',
  errno: -4091,
  syscall: 'listen',
  address: '::',
  port: 3001
}

Node.js v24.11.1
[2J[3J[H[[90m2:29:05 p.m.[0m] File change detected. Starting incremental compilation...

[[90m2:29:06 p.m.[0m] Found 0 errors. Watching for file changes.

[2J[3J[H[[90m2:29:06 p.m.[0m] File change detected. Starting incremental compilation...

[[90m2:29:07 p.m.[0m] Found 0 errors. Watching for file changes.

[2J[3J[H[[90m2:29:08 p.m.[0m] File change detected. Starting incremental compilation...

[[90m2:29:09 p.m.[0m] Found 0 errors. Watching for file changes.

[32m[Nest] 7756  - [39m30/07/2026, 2:29:11 p.m. [32m    LOG[39m [38;5;3m[NestFactory] [39m[32mStarting Nest application...[39m
[32m[Nest] 7756  - [39m30/07/2026, 2:29:11 p.m. [32m    LOG[39m [38;5;3m[InstanceLoader] [39m[32mAppModule dependencies initialized[39m[38;5;3m +19ms[39m
[32m[Nest] 7756  - [39m30/07/2026, 2:29:11 p.m. [32m    LOG[39m [38;5;3m[InstanceLoader] [39m[32mMongooseModule dependencies initialized[39m[38;5;3m +0ms[39m
[32m[Nest] 7756  - [39m30/07/2026, 2:29:11 p.m. [32m    LOG[39m [38;5;3m[InstanceLoader] [39m[32mPassportModule dependencies initialized[39m[38;5;3m +0ms[39m
[32m[Nest] 7756  - [39m30/07/2026, 2:29:11 p.m. [32m    LOG[39m [38;5;3m[InstanceLoader] [39m[32mEdificioModule dependencies initialized[39m[38;5;3m +0ms[39m
[32m[Nest] 7756  - [39m30/07/2026, 2:29:11 p.m. [32m    LOG[39m [38;5;3m[InstanceLoader] [39m[32mEventsModule dependencies initialized[39m[38;5;3m +0ms[39m
[32m[Nest] 7756  - [39m30/07/2026, 2:29:11 p.m. [32m    LOG[39m [38;5;3m[InstanceLoader] [39m[32mConfigHostModule dependencies initialized[39m[38;5;3m +0ms[39m
[32m[Nest] 7756  - [39m30/07/2026, 2:29:11 p.m. [32m    LOG[39m [38;5;3m[InstanceLoader] [39m[32mConfigModule dependencies initialized[39m[38;5;3m +1ms[39m
[32m[Nest] 7756  - [39m30/07/2026, 2:29:11 p.m. [32m    LOG[39m [38;5;3m[InstanceLoader] [39m[32mConfigModule dependencies initialized[39m[38;5;3m +0ms[39m
[32m[Nest] 7756  - [39m30/07/2026, 2:29:11 p.m. [32m    LOG[39m [38;5;3m[InstanceLoader] [39m[32mJwtModule dependencies initialized[39m[38;5;3m +16ms[39m
[32m[Nest] 7756  - [39m30/07/2026, 2:29:11 p.m. [32m    LOG[39m [38;5;3m[InstanceLoader] [39m[32mMongooseCoreModule dependencies initialized[39m[38;5;3m +566ms[39m
[32m[Nest] 7756  - [39m30/07/2026, 2:29:11 p.m. [32m    LOG[39m [38;5;3m[InstanceLoader] [39m[32mMongooseModule dependencies initialized[39m[38;5;3m +3ms[39m
[32m[Nest] 7756  - [39m30/07/2026, 2:29:11 p.m. [32m    LOG[39m [38;5;3m[InstanceLoader] [39m[32mMongooseModule dependencies initialized[39m[38;5;3m +1ms[39m
[32m[Nest] 7756  - [39m30/07/2026, 2:29:11 p.m. [32m    LOG[39m [38;5;3m[InstanceLoader] [39m[32mMongooseModule dependencies initialized[39m[38;5;3m +0ms[39m
[32m[Nest] 7756  - [39m30/07/2026, 2:29:11 p.m. [32m    LOG[39m [38;5;3m[InstanceLoader] [39m[32mMongooseModule dependencies initialized[39m[38;5;3m +0ms[39m
[32m[Nest] 7756  - [39m30/07/2026, 2:29:11 p.m. [32m    LOG[39m [38;5;3m[InstanceLoader] [39m[32mAuthModule dependencies initialized[39m[38;5;3m +1ms[39m
[32m[Nest] 7756  - [39m30/07/2026, 2:29:11 p.m. [32m    LOG[39m [38;5;3m[InstanceLoader] [39m[32mReservasModule dependencies initialized[39m[38;5;3m +1ms[39m
[32m[Nest] 7756  - [39m30/07/2026, 2:29:11 p.m. [32m    LOG[39m [38;5;3m[InstanceLoader] [39m[32mZonasModule dependencies initialized[39m[38;5;3m +0ms[39m
[32m[Nest] 7756  - [39m30/07/2026, 2:29:11 p.m. [32m    LOG[39m [38;5;3m[RoutesResolver] [39m[32mAuthController {/api/auth}:[39m[38;5;3m +35ms[39m
[32m[Nest] 7756  - [39m30/07/2026, 2:29:11 p.m. [32m    LOG[39m [38;5;3m[RouterExplorer] [39m[32mMapped {/api/auth/register, POST} route[39m[38;5;3m +2ms[39m
[32m[Nest] 7756  - [39m30/07/2026, 2:29:11 p.m. [32m    LOG[39m [38;5;3m[RouterExplorer] [39m[32mMapped {/api/auth/login, POST} route[39m[38;5;3m +0ms[39m
[32m[Nest] 7756  - [39m30/07/2026, 2:29:11 p.m. [32m    LOG[39m [38;5;3m[RoutesResolver] [39m[32mZonasController {/api/zonas}:[39m[38;5;3m +0ms[39m
[32m[Nest] 7756  - [39m30/07/2026, 2:29:11 p.m. [32m    LOG[39m [38;5;3m[RouterExplorer] [39m[32mMapped {/api/zonas, POST} route[39m[38;5;3m +1ms[39m
[32m[Nest] 7756  - [39m30/07/2026, 2:29:11 p.m. [32m    LOG[39m [38;5;3m[RouterExplorer] [39m[32mMapped {/api/zonas, GET} route[39m[38;5;3m +0ms[39m
[32m[Nest] 7756  - [39m30/07/2026, 2:29:11 p.m. [32m    LOG[39m [38;5;3m[RouterExplorer] [39m[32mMapped {/api/zonas/:id, GET} route[39m[38;5;3m +1ms[39m
[32m[Nest] 7756  - [39m30/07/2026, 2:29:11 p.m. [32m    LOG[39m [38;5;3m[RouterExplorer] [39m[32mMapped {/api/zonas/:id, PUT} route[39m[38;5;3m +0ms[39m
[32m[Nest] 7756  - [39m30/07/2026, 2:29:11 p.m. [32m    LOG[39m [38;5;3m[RouterExplorer] [39m[32mMapped {/api/zonas/:id, DELETE} route[39m[38;5;3m +0ms[39m
[32m[Nest] 7756  - [39m30/07/2026, 2:29:11 p.m. [32m    LOG[39m [38;5;3m[RoutesResolver] [39m[32mReservasController {/api}:[39m[38;5;3m +0ms[39m
[32m[Nest] 7756  - [39m30/07/2026, 2:29:11 p.m. [32m    LOG[39m [38;5;3m[RouterExplorer] [39m[32mMapped {/api/reservas, POST} route[39m[38;5;3m +0ms[39m
[32m[Nest] 7756  - [39m30/07/2026, 2:29:11 p.m. [32m    LOG[39m [38;5;3m[RouterExplorer] [39m[32mMapped {/api/zonas/:id/public, GET} route[39m[38;5;3m +0ms[39m
[32m[Nest] 7756  - [39m30/07/2026, 2:29:11 p.m. [32m    LOG[39m [38;5;3m[RouterExplorer] [39m[32mMapped {/api/solicitudes, POST} route[39m[38;5;3m +1ms[39m
[32m[Nest] 7756  - [39m30/07/2026, 2:29:11 p.m. [32m    LOG[39m [38;5;3m[RouterExplorer] [39m[32mMapped {/api/reservas/disponibilidad, GET} route[39m[38;5;3m +0ms[39m
[32m[Nest] 7756  - [39m30/07/2026, 2:29:11 p.m. [32m    LOG[39m [38;5;3m[RouterExplorer] [39m[32mMapped {/api/edificio/:edificioId/reservas, GET} route[39m[38;5;3m +0ms[39m
[32m[Nest] 7756  - [39m30/07/2026, 2:29:11 p.m. [32m    LOG[39m [38;5;3m[RouterExplorer] [39m[32mMapped {/api/reservas/:id/cancelar, POST} route[39m[38;5;3m +0ms[39m
[32m[Nest] 7756  - [39m30/07/2026, 2:29:11 p.m. [32m    LOG[39m [38;5;3m[RouterExplorer] [39m[32mMapped {/api/edificio/:edificioId/reportes, GET} route[39m[38;5;3m +0ms[39m
[32m[Nest] 7756  - [39m30/07/2026, 2:29:11 p.m. [32m    LOG[39m [38;5;3m[NestApplication] [39m[32mNest application successfully started[39m[38;5;3m +2ms[39m
Backend corriendo en http://localhost:3001
[2J[3J[H[[90m2:29:11 p.m.[0m] File change detected. Starting incremental compilation...

[[90m2:29:12 p.m.[0m] Found 0 errors. Watching for file changes.

[2J[3J[H[[90m2:29:13 p.m.[0m] File change detected. Starting incremental compilation...

[[90m2:29:14 p.m.[0m] Found 0 errors. Watching for file changes.

[32m[Nest] 27368  - [39m30/07/2026, 2:29:16 p.m. [32m    LOG[39m [38;5;3m[NestFactory] [39m[32mStarting Nest application...[39m
[32m[Nest] 27368  - [39m30/07/2026, 2:29:16 p.m. [32m    LOG[39m [38;5;3m[InstanceLoader] [39m[32mMongooseModule dependencies initialized[39m[38;5;3m +11ms[39m
[32m[Nest] 27368  - [39m30/07/2026, 2:29:16 p.m. [32m    LOG[39m [38;5;3m[InstanceLoader] [39m[32mPassportModule dependencies initialized[39m[38;5;3m +0ms[39m
[32m[Nest] 27368  - [39m30/07/2026, 2:29:16 p.m. [32m    LOG[39m [38;5;3m[InstanceLoader] [39m[32mEdificioModule dependencies initialized[39m[38;5;3m +0ms[39m
[32m[Nest] 27368  - [39m30/07/2026, 2:29:16 p.m. [32m    LOG[39m [38;5;3m[InstanceLoader] [39m[32mEventsModule dependencies initialized[39m[38;5;3m +0ms[39m
[32m[Nest] 27368  - [39m30/07/2026, 2:29:16 p.m. [32m    LOG[39m [38;5;3m[InstanceLoader] [39m[32mConfigHostModule dependencies initialized[39m[38;5;3m +1ms[39m
[32m[Nest] 27368  - [39m30/07/2026, 2:29:16 p.m. [32m    LOG[39m [38;5;3m[InstanceLoader] [39m[32mThrottlerModule dependencies initialized[39m[38;5;3m +0ms[39m
[32m[Nest] 27368  - [39m30/07/2026, 2:29:16 p.m. [32m    LOG[39m [38;5;3m[InstanceLoader] [39m[32mConfigModule dependencies initialized[39m[38;5;3m +1ms[39m
[32m[Nest] 27368  - [39m30/07/2026, 2:29:16 p.m. [32m    LOG[39m [38;5;3m[InstanceLoader] [39m[32mConfigModule dependencies initialized[39m[38;5;3m +0ms[39m
[32m[Nest] 27368  - [39m30/07/2026, 2:29:16 p.m. [32m    LOG[39m [38;5;3m[InstanceLoader] [39m[32mAppModule dependencies initialized[39m[38;5;3m +0ms[39m
[32m[Nest] 27368  - [39m30/07/2026, 2:29:16 p.m. [32m    LOG[39m [38;5;3m[InstanceLoader] [39m[32mJwtModule dependencies initialized[39m[38;5;3m +13ms[39m
[32m[Nest] 27368  - [39m30/07/2026, 2:29:16 p.m. [32m    LOG[39m [38;5;3m[InstanceLoader] [39m[32mMongooseCoreModule dependencies initialized[39m[38;5;3m +578ms[39m
[32m[Nest] 27368  - [39m30/07/2026, 2:29:16 p.m. [32m    LOG[39m [38;5;3m[InstanceLoader] [39m[32mMongooseModule dependencies initialized[39m[38;5;3m +2ms[39m
[32m[Nest] 27368  - [39m30/07/2026, 2:29:16 p.m. [32m    LOG[39m [38;5;3m[InstanceLoader] [39m[32mMongooseModule dependencies initialized[39m[38;5;3m +0ms[39m
[32m[Nest] 27368  - [39m30/07/2026, 2:29:16 p.m. [32m    LOG[39m [38;5;3m[InstanceLoader] [39m[32mMongooseModule dependencies initialized[39m[38;5;3m +0ms[39m
[32m[Nest] 27368  - [39m30/07/2026, 2:29:16 p.m. [32m    LOG[39m [38;5;3m[InstanceLoader] [39m[32mMongooseModule dependencies initialized[39m[38;5;3m +0ms[39m
[32m[Nest] 27368  - [39m30/07/2026, 2:29:16 p.m. [32m    LOG[39m [38;5;3m[InstanceLoader] [39m[32mAuthModule dependencies initialized[39m[38;5;3m +1ms[39m
[32m[Nest] 27368  - [39m30/07/2026, 2:29:16 p.m. [32m    LOG[39m [38;5;3m[InstanceLoader] [39m[32mReservasModule dependencies initialized[39m[38;5;3m +0ms[39m
[32m[Nest] 27368  - [39m30/07/2026, 2:29:16 p.m. [32m    LOG[39m [38;5;3m[InstanceLoader] [39m[32mZonasModule dependencies initialized[39m[38;5;3m +0ms[39m
[32m[Nest] 27368  - [39m30/07/2026, 2:29:16 p.m. [32m    LOG[39m [38;5;3m[RoutesResolver] [39m[32mAuthController {/api/auth}:[39m[38;5;3m +32ms[39m
[32m[Nest] 27368  - [39m30/07/2026, 2:29:16 p.m. [32m    LOG[39m [38;5;3m[RouterExplorer] [39m[32mMapped {/api/auth/register, POST} route[39m[38;5;3m +3ms[39m
[32m[Nest] 27368  - [39m30/07/2026, 2:29:16 p.m. [32m    LOG[39m [38;5;3m[RouterExplorer] [39m[32mMapped {/api/auth/login, POST} route[39m[38;5;3m +1ms[39m
[32m[Nest] 27368  - [39m30/07/2026, 2:29:16 p.m. [32m    LOG[39m [38;5;3m[RoutesResolver] [39m[32mZonasController {/api/zonas}:[39m[38;5;3m +0ms[39m
[32m[Nest] 27368  - [39m30/07/2026, 2:29:16 p.m. [32m    LOG[39m [38;5;3m[RouterExplorer] [39m[32mMapped {/api/zonas, POST} route[39m[38;5;3m +0ms[39m
[32m[Nest] 27368  - [39m30/07/2026, 2:29:16 p.m. [32m    LOG[39m [38;5;3m[RouterExplorer] [39m[32mMapped {/api/zonas, GET} route[39m[38;5;3m +0ms[39m
[32m[Nest] 27368  - [39m30/07/2026, 2:29:16 p.m. [32m    LOG[39m [38;5;3m[RouterExplorer] [39m[32mMapped {/api/zonas/:id, GET} route[39m[38;5;3m +1ms[39m
[32m[Nest] 27368  - [39m30/07/2026, 2:29:16 p.m. [32m    LOG[39m [38;5;3m[RouterExplorer] [39m[32mMapped {/api/zonas/:id, PUT} route[39m[38;5;3m +0ms[39m
[32m[Nest] 27368  - [39m30/07/2026, 2:29:16 p.m. [32m    LOG[39m [38;5;3m[RouterExplorer] [39m[32mMapped {/api/zonas/:id, DELETE} route[39m[38;5;3m +1ms[39m
[32m[Nest] 27368  - [39m30/07/2026, 2:29:16 p.m. [32m    LOG[39m [38;5;3m[RoutesResolver] [39m[32mReservasController {/api}:[39m[38;5;3m +0ms[39m
[32m[Nest] 27368  - [39m30/07/2026, 2:29:16 p.m. [32m    LOG[39m [38;5;3m[RouterExplorer] [39m[32mMapped {/api/reservas, POST} route[39m[38;5;3m +0ms[39m
[32m[Nest] 27368  - [39m30/07/2026, 2:29:16 p.m. [32m    LOG[39m [38;5;3m[RouterExplorer] [39m[32mMapped {/api/zonas/:id/public, GET} route[39m[38;5;3m +0ms[39m
[32m[Nest] 27368  - [39m30/07/2026, 2:29:16 p.m. [32m    LOG[39m [38;5;3m[RouterExplorer] [39m[32mMapped {/api/solicitudes, POST} route[39m[38;5;3m +0ms[39m
[32m[Nest] 27368  - [39m30/07/2026, 2:29:16 p.m. [32m    LOG[39m [38;5;3m[RouterExplorer] [39m[32mMapped {/api/reservas/disponibilidad, GET} route[39m[38;5;3m +1ms[39m
[32m[Nest] 27368  - [39m30/07/2026, 2:29:16 p.m. [32m    LOG[39m [38;5;3m[RouterExplorer] [39m[32mMapped {/api/edificio/:edificioId/reservas, GET} route[39m[38;5;3m +0ms[39m
[32m[Nest] 27368  - [39m30/07/2026, 2:29:16 p.m. [32m    LOG[39m [38;5;3m[RouterExplorer] [39m[32mMapped {/api/reservas/:id/cancelar, POST} route[39m[38;5;3m +0ms[39m
[32m[Nest] 27368  - [39m30/07/2026, 2:29:16 p.m. [32m    LOG[39m [38;5;3m[RouterExplorer] [39m[32mMapped {/api/edificio/:edificioId/reportes, GET} route[39m[38;5;3m +0ms[39m
[32m[Nest] 27368  - [39m30/07/2026, 2:29:16 p.m. [32m    LOG[39m [38;5;3m[NestApplication] [39m[32mNest application successfully started[39m[38;5;3m +3ms[39m
Backend corriendo en http://localhost:3001
[2J[3J[H[[90m2:29:47 p.m.[0m] File change detected. Starting incremental compilation...

[[90m2:29:48 p.m.[0m] Found 0 errors. Watching for file changes.

node:internal/modules/cjs/loader:1424
  throw err;
  ^

Error: Cannot find module 'C:\Users\sistemas\OneDrive - Thomas Seguridad Integral\Documentos\Desarrollo\personal\zonas_aforo\zonas_aforo_back\dist\main'
    at Module._resolveFilename (node:internal/modules/cjs/loader:1421:15)
    at defaultResolveImpl (node:internal/modules/cjs/loader:1059:19)
    at resolveForCJSWithHooks (node:internal/modules/cjs/loader:1064:22)
    at Module._load (node:internal/modules/cjs/loader:1227:37)
    at TracingChannel.traceSync (node:diagnostics_channel:328:14)
    at wrapModuleLoad (node:internal/modules/cjs/loader:245:24)
    at Module.executeUserEntryPoint [as runMain] (node:internal/modules/run_main:154:5)
    at node:internal/main/run_main_module:33:47 {
  code: 'MODULE_NOT_FOUND',
  requireStack: []
}

Node.js v24.11.1
[2J[3J[H[[90m2:29:54 p.m.[0m] File change detected. Starting incremental compilation...

[[90m2:29:56 p.m.[0m] Found 0 errors. Watching for file changes.

[32m[Nest] 8560  - [39m30/07/2026, 2:29:59 p.m. [32m    LOG[39m [38;5;3m[NestFactory] [39m[32mStarting Nest application...[39m
[32m[Nest] 8560  - [39m30/07/2026, 2:29:59 p.m. [32m    LOG[39m [38;5;3m[InstanceLoader] [39m[32mMongooseModule dependencies initialized[39m[38;5;3m +21ms[39m
[32m[Nest] 8560  - [39m30/07/2026, 2:29:59 p.m. [32m    LOG[39m [38;5;3m[InstanceLoader] [39m[32mPassportModule dependencies initialized[39m[38;5;3m +1ms[39m
[32m[Nest] 8560  - [39m30/07/2026, 2:29:59 p.m. [32m    LOG[39m [38;5;3m[InstanceLoader] [39m[32mEdificioModule dependencies initialized[39m[38;5;3m +0ms[39m
[32m[Nest] 8560  - [39m30/07/2026, 2:29:59 p.m. [32m    LOG[39m [38;5;3m[InstanceLoader] [39m[32mEventsModule dependencies initialized[39m[38;5;3m +0ms[39m
[32m[Nest] 8560  - [39m30/07/2026, 2:29:59 p.m. [32m    LOG[39m [38;5;3m[InstanceLoader] [39m[32mConfigHostModule dependencies initialized[39m[38;5;3m +1ms[39m
[32m[Nest] 8560  - [39m30/07/2026, 2:29:59 p.m. [32m    LOG[39m [38;5;3m[InstanceLoader] [39m[32mThrottlerModule dependencies initialized[39m[38;5;3m +0ms[39m
[32m[Nest] 8560  - [39m30/07/2026, 2:29:59 p.m. [32m    LOG[39m [38;5;3m[InstanceLoader] [39m[32mConfigModule dependencies initialized[39m[38;5;3m +1ms[39m
[32m[Nest] 8560  - [39m30/07/2026, 2:29:59 p.m. [32m    LOG[39m [38;5;3m[InstanceLoader] [39m[32mConfigModule dependencies initialized[39m[38;5;3m +0ms[39m
[32m[Nest] 8560  - [39m30/07/2026, 2:29:59 p.m. [32m    LOG[39m [38;5;3m[InstanceLoader] [39m[32mAppModule dependencies initialized[39m[38;5;3m +0ms[39m
[32m[Nest] 8560  - [39m30/07/2026, 2:29:59 p.m. [32m    LOG[39m [38;5;3m[InstanceLoader] [39m[32mJwtModule dependencies initialized[39m[38;5;3m +24ms[39m
[32m[Nest] 8560  - [39m30/07/2026, 2:30:00 p.m. [32m    LOG[39m [38;5;3m[InstanceLoader] [39m[32mMongooseCoreModule dependencies initialized[39m[38;5;3m +567ms[39m
[32m[Nest] 8560  - [39m30/07/2026, 2:30:00 p.m. [32m    LOG[39m [38;5;3m[InstanceLoader] [39m[32mMongooseModule dependencies initialized[39m[38;5;3m +6ms[39m
[32m[Nest] 8560  - [39m30/07/2026, 2:30:00 p.m. [32m    LOG[39m [38;5;3m[InstanceLoader] [39m[32mMongooseModule dependencies initialized[39m[38;5;3m +0ms[39m
[32m[Nest] 8560  - [39m30/07/2026, 2:30:00 p.m. [32m    LOG[39m [38;5;3m[InstanceLoader] [39m[32mMongooseModule dependencies initialized[39m[38;5;3m +0ms[39m
[32m[Nest] 8560  - [39m30/07/2026, 2:30:00 p.m. [32m    LOG[39m [38;5;3m[InstanceLoader] [39m[32mMongooseModule dependencies initialized[39m[38;5;3m +0ms[39m
[32m[Nest] 8560  - [39m30/07/2026, 2:30:00 p.m. [32m    LOG[39m [38;5;3m[InstanceLoader] [39m[32mAuthModule dependencies initialized[39m[38;5;3m +1ms[39m
[32m[Nest] 8560  - [39m30/07/2026, 2:30:00 p.m. [32m    LOG[39m [38;5;3m[InstanceLoader] [39m[32mReservasModule dependencies initialized[39m[38;5;3m +1ms[39m
[32m[Nest] 8560  - [39m30/07/2026, 2:30:00 p.m. [32m    LOG[39m [38;5;3m[InstanceLoader] [39m[32mZonasModule dependencies initialized[39m[38;5;3m +0ms[39m
[32m[Nest] 8560  - [39m30/07/2026, 2:30:00 p.m. [32m    LOG[39m [38;5;3m[RoutesResolver] [39m[32mAuthController {/api/auth}:[39m[38;5;3m +140ms[39m
[32m[Nest] 8560  - [39m30/07/2026, 2:30:00 p.m. [32m    LOG[39m [38;5;3m[RouterExplorer] [39m[32mMapped {/api/auth/register, POST} route[39m[38;5;3m +2ms[39m
[32m[Nest] 8560  - [39m30/07/2026, 2:30:00 p.m. [32m    LOG[39m [38;5;3m[RouterExplorer] [39m[32mMapped {/api/auth/login, POST} route[39m[38;5;3m +1ms[39m
[32m[Nest] 8560  - [39m30/07/2026, 2:30:00 p.m. [32m    LOG[39m [38;5;3m[RoutesResolver] [39m[32mZonasController {/api/zonas}:[39m[38;5;3m +0ms[39m
[32m[Nest] 8560  - [39m30/07/2026, 2:30:00 p.m. [32m    LOG[39m [38;5;3m[RouterExplorer] [39m[32mMapped {/api/zonas, POST} route[39m[38;5;3m +0ms[39m
[32m[Nest] 8560  - [39m30/07/2026, 2:30:00 p.m. [32m    LOG[39m [38;5;3m[RouterExplorer] [39m[32mMapped {/api/zonas, GET} route[39m[38;5;3m +0ms[39m
[32m[Nest] 8560  - [39m30/07/2026, 2:30:00 p.m. [32m    LOG[39m [38;5;3m[RouterExplorer] [39m[32mMapped {/api/zonas/:id, GET} route[39m[38;5;3m +1ms[39m
[32m[Nest] 8560  - [39m30/07/2026, 2:30:00 p.m. [32m    LOG[39m [38;5;3m[RouterExplorer] [39m[32mMapped {/api/zonas/:id, PUT} route[39m[38;5;3m +0ms[39m
[32m[Nest] 8560  - [39m30/07/2026, 2:30:00 p.m. [32m    LOG[39m [38;5;3m[RouterExplorer] [39m[32mMapped {/api/zonas/:id, DELETE} route[39m[38;5;3m +0ms[39m
[32m[Nest] 8560  - [39m30/07/2026, 2:30:00 p.m. [32m    LOG[39m [38;5;3m[RoutesResolver] [39m[32mReservasController {/api}:[39m[38;5;3m +0ms[39m
[32m[Nest] 8560  - [39m30/07/2026, 2:30:00 p.m. [32m    LOG[39m [38;5;3m[RouterExplorer] [39m[32mMapped {/api/reservas, POST} route[39m[38;5;3m +0ms[39m
[32m[Nest] 8560  - [39m30/07/2026, 2:30:00 p.m. [32m    LOG[39m [38;5;3m[RouterExplorer] [39m[32mMapped {/api/zonas/:id/public, GET} route[39m[38;5;3m +0ms[39m
[32m[Nest] 8560  - [39m30/07/2026, 2:30:00 p.m. [32m    LOG[39m [38;5;3m[RouterExplorer] [39m[32mMapped {/api/solicitudes, POST} route[39m[38;5;3m +1ms[39m
[32m[Nest] 8560  - [39m30/07/2026, 2:30:00 p.m. [32m    LOG[39m [38;5;3m[RouterExplorer] [39m[32mMapped {/api/reservas/disponibilidad, GET} route[39m[38;5;3m +0ms[39m
[32m[Nest] 8560  - [39m30/07/2026, 2:30:00 p.m. [32m    LOG[39m [38;5;3m[RouterExplorer] [39m[32mMapped {/api/edificio/:edificioId/reservas, GET} route[39m[38;5;3m +0ms[39m
[32m[Nest] 8560  - [39m30/07/2026, 2:30:00 p.m. [32m    LOG[39m [38;5;3m[RouterExplorer] [39m[32mMapped {/api/reservas/:id/cancelar, POST} route[39m[38;5;3m +0ms[39m
[32m[Nest] 8560  - [39m30/07/2026, 2:30:00 p.m. [32m    LOG[39m [38;5;3m[RouterExplorer] [39m[32mMapped {/api/edificio/:edificioId/reportes, GET} route[39m[38;5;3m +0ms[39m
[32m[Nest] 8560  - [39m30/07/2026, 2:30:00 p.m. [32m    LOG[39m [38;5;3m[NestApplication] [39m[32mNest application successfully started[39m[38;5;3m +3ms[39m
Backend corriendo en http://localhost:3001
[2J[3J[H[[90m2:30:40 p.m.[0m] File change detected. Starting incremental compilation...

[[90m2:30:42 p.m.[0m] Found 0 errors. Watching for file changes.

[32m[Nest] 43308  - [39m30/07/2026, 2:30:44 p.m. [32m    LOG[39m [38;5;3m[NestFactory] [39m[32mStarting Nest application...[39m
[32m[Nest] 43308  - [39m30/07/2026, 2:30:44 p.m. [32m    LOG[39m [38;5;3m[InstanceLoader] [39m[32mMongooseModule dependencies initialized[39m[38;5;3m +10ms[39m
[32m[Nest] 43308  - [39m30/07/2026, 2:30:44 p.m. [32m    LOG[39m [38;5;3m[InstanceLoader] [39m[32mPassportModule dependencies initialized[39m[38;5;3m +0ms[39m
[32m[Nest] 43308  - [39m30/07/2026, 2:30:44 p.m. [32m    LOG[39m [38;5;3m[InstanceLoader] [39m[32mEdificioModule dependencies initialized[39m[38;5;3m +0ms[39m
[32m[Nest] 43308  - [39m30/07/2026, 2:30:44 p.m. [32m    LOG[39m [38;5;3m[InstanceLoader] [39m[32mEventsModule dependencies initialized[39m[38;5;3m +0ms[39m
[32m[Nest] 43308  - [39m30/07/2026, 2:30:44 p.m. [32m    LOG[39m [38;5;3m[InstanceLoader] [39m[32mConfigHostModule dependencies initialized[39m[38;5;3m +0ms[39m
[32m[Nest] 43308  - [39m30/07/2026, 2:30:44 p.m. [32m    LOG[39m [38;5;3m[InstanceLoader] [39m[32mThrottlerModule dependencies initialized[39m[38;5;3m +0ms[39m
[32m[Nest] 43308  - [39m30/07/2026, 2:30:44 p.m. [32m    LOG[39m [38;5;3m[InstanceLoader] [39m[32mConfigModule dependencies initialized[39m[38;5;3m +1ms[39m
[32m[Nest] 43308  - [39m30/07/2026, 2:30:44 p.m. [32m    LOG[39m [38;5;3m[InstanceLoader] [39m[32mConfigModule dependencies initialized[39m[38;5;3m +0ms[39m
[32m[Nest] 43308  - [39m30/07/2026, 2:30:44 p.m. [32m    LOG[39m [38;5;3m[InstanceLoader] [39m[32mAppModule dependencies initialized[39m[38;5;3m +0ms[39m
[32m[Nest] 43308  - [39m30/07/2026, 2:30:44 p.m. [32m    LOG[39m [38;5;3m[InstanceLoader] [39m[32mJwtModule dependencies initialized[39m[38;5;3m +11ms[39m
[32m[Nest] 43308  - [39m30/07/2026, 2:30:44 p.m. [32m    LOG[39m [38;5;3m[InstanceLoader] [39m[32mMongooseCoreModule dependencies initialized[39m[38;5;3m +574ms[39m
[32m[Nest] 43308  - [39m30/07/2026, 2:30:44 p.m. [32m    LOG[39m [38;5;3m[InstanceLoader] [39m[32mMongooseModule dependencies initialized[39m[38;5;3m +3ms[39m
[32m[Nest] 43308  - [39m30/07/2026, 2:30:44 p.m. [32m    LOG[39m [38;5;3m[InstanceLoader] [39m[32mMongooseModule dependencies initialized[39m[38;5;3m +0ms[39m
[32m[Nest] 43308  - [39m30/07/2026, 2:30:44 p.m. [32m    LOG[39m [38;5;3m[InstanceLoader] [39m[32mMongooseModule dependencies initialized[39m[38;5;3m +0ms[39m
[32m[Nest] 43308  - [39m30/07/2026, 2:30:44 p.m. [32m    LOG[39m [38;5;3m[InstanceLoader] [39m[32mMongooseModule dependencies initialized[39m[38;5;3m +0ms[39m
[32m[Nest] 43308  - [39m30/07/2026, 2:30:44 p.m. [32m    LOG[39m [38;5;3m[InstanceLoader] [39m[32mAuthModule dependencies initialized[39m[38;5;3m +1ms[39m
[32m[Nest] 43308  - [39m30/07/2026, 2:30:44 p.m. [32m    LOG[39m [38;5;3m[InstanceLoader] [39m[32mReservasModule dependencies initialized[39m[38;5;3m +0ms[39m
[32m[Nest] 43308  - [39m30/07/2026, 2:30:44 p.m. [32m    LOG[39m [38;5;3m[InstanceLoader] [39m[32mZonasModule dependencies initialized[39m[38;5;3m +0ms[39m
[32m[Nest] 43308  - [39m30/07/2026, 2:30:44 p.m. [32m    LOG[39m [38;5;3m[RoutesResolver] [39m[32mAuthController {/api/auth}:[39m[38;5;3m +30ms[39m
[32m[Nest] 43308  - [39m30/07/2026, 2:30:44 p.m. [32m    LOG[39m [38;5;3m[RouterExplorer] [39m[32mMapped {/api/auth/register, POST} route[39m[38;5;3m +2ms[39m
[32m[Nest] 43308  - [39m30/07/2026, 2:30:44 p.m. [32m    LOG[39m [38;5;3m[RouterExplorer] [39m[32mMapped {/api/auth/login, POST} route[39m[38;5;3m +0ms[39m
[32m[Nest] 43308  - [39m30/07/2026, 2:30:44 p.m. [32m    LOG[39m [38;5;3m[RoutesResolver] [39m[32mZonasController {/api/zonas}:[39m[38;5;3m +0ms[39m
[32m[Nest] 43308  - [39m30/07/2026, 2:30:44 p.m. [32m    LOG[39m [38;5;3m[RouterExplorer] [39m[32mMapped {/api/zonas, POST} route[39m[38;5;3m +1ms[39m
[32m[Nest] 43308  - [39m30/07/2026, 2:30:44 p.m. [32m    LOG[39m [38;5;3m[RouterExplorer] [39m[32mMapped {/api/zonas, GET} route[39m[38;5;3m +0ms[39m
[32m[Nest] 43308  - [39m30/07/2026, 2:30:44 p.m. [32m    LOG[39m [38;5;3m[RouterExplorer] [39m[32mMapped {/api/zonas/:id, GET} route[39m[38;5;3m +0ms[39m
[32m[Nest] 43308  - [39m30/07/2026, 2:30:44 p.m. [32m    LOG[39m [38;5;3m[RouterExplorer] [39m[32mMapped {/api/zonas/:id, PUT} route[39m[38;5;3m +1ms[39m
[32m[Nest] 43308  - [39m30/07/2026, 2:30:44 p.m. [32m    LOG[39m [38;5;3m[RouterExplorer] [39m[32mMapped {/api/zonas/:id, DELETE} route[39m[38;5;3m +0ms[39m
[32m[Nest] 43308  - [39m30/07/2026, 2:30:44 p.m. [32m    LOG[39m [38;5;3m[RoutesResolver] [39m[32mReservasController {/api}:[39m[38;5;3m +0ms[39m
[32m[Nest] 43308  - [39m30/07/2026, 2:30:44 p.m. [32m    LOG[39m [38;5;3m[RouterExplorer] [39m[32mMapped {/api/reservas, POST} route[39m[38;5;3m +0ms[39m
[32m[Nest] 43308  - [39m30/07/2026, 2:30:44 p.m. [32m    LOG[39m [38;5;3m[RouterExplorer] [39m[32mMapped {/api/zonas/:id/public, GET} route[39m[38;5;3m +0ms[39m
[32m[Nest] 43308  - [39m30/07/2026, 2:30:44 p.m. [32m    LOG[39m [38;5;3m[RouterExplorer] [39m[32mMapped {/api/solicitudes, POST} route[39m[38;5;3m +0ms[39m
[32m[Nest] 43308  - [39m30/07/2026, 2:30:44 p.m. [32m    LOG[39m [38;5;3m[RouterExplorer] [39m[32mMapped {/api/reservas/disponibilidad, GET} route[39m[38;5;3m +0ms[39m
[32m[Nest] 43308  - [39m30/07/2026, 2:30:44 p.m. [32m    LOG[39m [38;5;3m[RouterExplorer] [39m[32mMapped {/api/edificio/:edificioId/reservas, GET} route[39m[38;5;3m +1ms[39m
[32m[Nest] 43308  - [39m30/07/2026, 2:30:44 p.m. [32m    LOG[39m [38;5;3m[RouterExplorer] [39m[32mMapped {/api/reservas/:id/cancelar, POST} route[39m[38;5;3m +0ms[39m
[32m[Nest] 43308  - [39m30/07/2026, 2:30:44 p.m. [32m    LOG[39m [38;5;3m[RouterExplorer] [39m[32mMapped {/api/edificio/:edificioId/reportes, GET} route[39m[38;5;3m +0ms[39m
[32m[Nest] 43308  - [39m30/07/2026, 2:30:44 p.m. [32m    LOG[39m [38;5;3m[NestApplication] [39m[32mNest application successfully started[39m[38;5;3m +2ms[39m
Backend corriendo en http://localhost:3001
[2J[3J[H[[90m2:36:28 p.m.[0m] File change detected. Starting incremental compilation...

[[90m2:36:29 p.m.[0m] Found 0 errors. Watching for file changes.

[32m[Nest] 46752  - [39m30/07/2026, 2:36:30 p.m. [32m    LOG[39m [38;5;3m[NestFactory] [39m[32mStarting Nest application...[39m
[32m[Nest] 46752  - [39m30/07/2026, 2:36:30 p.m. [32m    LOG[39m [38;5;3m[InstanceLoader] [39m[32mMongooseModule dependencies initialized[39m[38;5;3m +9ms[39m
[32m[Nest] 46752  - [39m30/07/2026, 2:36:30 p.m. [32m    LOG[39m [38;5;3m[InstanceLoader] [39m[32mPassportModule dependencies initialized[39m[38;5;3m +0ms[39m
[32m[Nest] 46752  - [39m30/07/2026, 2:36:30 p.m. [32m    LOG[39m [38;5;3m[InstanceLoader] [39m[32mEdificioModule dependencies initialized[39m[38;5;3m +0ms[39m
[32m[Nest] 46752  - [39m30/07/2026, 2:36:30 p.m. [32m    LOG[39m [38;5;3m[InstanceLoader] [39m[32mEventsModule dependencies initialized[39m[38;5;3m +0ms[39m
[32m[Nest] 46752  - [39m30/07/2026, 2:36:30 p.m. [32m    LOG[39m [38;5;3m[InstanceLoader] [39m[32mConfigHostModule dependencies initialized[39m[38;5;3m +0ms[39m
[32m[Nest] 46752  - [39m30/07/2026, 2:36:30 p.m. [32m    LOG[39m [38;5;3m[InstanceLoader] [39m[32mThrottlerModule dependencies initialized[39m[38;5;3m +0ms[39m
[32m[Nest] 46752  - [39m30/07/2026, 2:36:30 p.m. [32m    LOG[39m [38;5;3m[InstanceLoader] [39m[32mConfigModule dependencies initialized[39m[38;5;3m +0ms[39m
[32m[Nest] 46752  - [39m30/07/2026, 2:36:30 p.m. [32m    LOG[39m [38;5;3m[InstanceLoader] [39m[32mConfigModule dependencies initialized[39m[38;5;3m +0ms[39m
[32m[Nest] 46752  - [39m30/07/2026, 2:36:30 p.m. [32m    LOG[39m [38;5;3m[InstanceLoader] [39m[32mAppModule dependencies initialized[39m[38;5;3m +0ms[39m
[32m[Nest] 46752  - [39m30/07/2026, 2:36:30 p.m. [32m    LOG[39m [38;5;3m[InstanceLoader] [39m[32mJwtModule dependencies initialized[39m[38;5;3m +12ms[39m
[32m[Nest] 46752  - [39m30/07/2026, 2:36:31 p.m. [32m    LOG[39m [38;5;3m[InstanceLoader] [39m[32mMongooseCoreModule dependencies initialized[39m[38;5;3m +583ms[39m
[32m[Nest] 46752  - [39m30/07/2026, 2:36:31 p.m. [32m    LOG[39m [38;5;3m[InstanceLoader] [39m[32mMongooseModule dependencies initialized[39m[38;5;3m +2ms[39m
[32m[Nest] 46752  - [39m30/07/2026, 2:36:31 p.m. [32m    LOG[39m [38;5;3m[InstanceLoader] [39m[32mMongooseModule dependencies initialized[39m[38;5;3m +0ms[39m
[32m[Nest] 46752  - [39m30/07/2026, 2:36:31 p.m. [32m    LOG[39m [38;5;3m[InstanceLoader] [39m[32mMongooseModule dependencies initialized[39m[38;5;3m +0ms[39m
[32m[Nest] 46752  - [39m30/07/2026, 2:36:31 p.m. [32m    LOG[39m [38;5;3m[InstanceLoader] [39m[32mMongooseModule dependencies initialized[39m[38;5;3m +0ms[39m
[32m[Nest] 46752  - [39m30/07/2026, 2:36:31 p.m. [32m    LOG[39m [38;5;3m[InstanceLoader] [39m[32mAuthModule dependencies initialized[39m[38;5;3m +1ms[39m
[32m[Nest] 46752  - [39m30/07/2026, 2:36:31 p.m. [32m    LOG[39m [38;5;3m[InstanceLoader] [39m[32mReservasModule dependencies initialized[39m[38;5;3m +0ms[39m
[32m[Nest] 46752  - [39m30/07/2026, 2:36:31 p.m. [32m    LOG[39m [38;5;3m[InstanceLoader] [39m[32mZonasModule dependencies initialized[39m[38;5;3m +0ms[39m
[32m[Nest] 46752  - [39m30/07/2026, 2:36:31 p.m. [32m    LOG[39m [38;5;3m[RoutesResolver] [39m[32mAuthController {/api/auth}:[39m[38;5;3m +27ms[39m
[32m[Nest] 46752  - [39m30/07/2026, 2:36:31 p.m. [32m    LOG[39m [38;5;3m[RouterExplorer] [39m[32mMapped {/api/auth/register, POST} route[39m[38;5;3m +1ms[39m
[32m[Nest] 46752  - [39m30/07/2026, 2:36:31 p.m. [32m    LOG[39m [38;5;3m[RouterExplorer] [39m[32mMapped {/api/auth/login, POST} route[39m[38;5;3m +0ms[39m
[32m[Nest] 46752  - [39m30/07/2026, 2:36:31 p.m. [32m    LOG[39m [38;5;3m[RoutesResolver] [39m[32mZonasController {/api/zonas}:[39m[38;5;3m +0ms[39m
[32m[Nest] 46752  - [39m30/07/2026, 2:36:31 p.m. [32m    LOG[39m [38;5;3m[RouterExplorer] [39m[32mMapped {/api/zonas, POST} route[39m[38;5;3m +1ms[39m
[32m[Nest] 46752  - [39m30/07/2026, 2:36:31 p.m. [32m    LOG[39m [38;5;3m[RouterExplorer] [39m[32mMapped {/api/zonas, GET} route[39m[38;5;3m +0ms[39m
[32m[Nest] 46752  - [39m30/07/2026, 2:36:31 p.m. [32m    LOG[39m [38;5;3m[RouterExplorer] [39m[32mMapped {/api/zonas/:id, GET} route[39m[38;5;3m +0ms[39m
[32m[Nest] 46752  - [39m30/07/2026, 2:36:31 p.m. [32m    LOG[39m [38;5;3m[RouterExplorer] [39m[32mMapped {/api/zonas/:id, PUT} route[39m[38;5;3m +0ms[39m
[32m[Nest] 46752  - [39m30/07/2026, 2:36:31 p.m. [32m    LOG[39m [38;5;3m[RouterExplorer] [39m[32mMapped {/api/zonas/:id, DELETE} route[39m[38;5;3m +1ms[39m
[32m[Nest] 46752  - [39m30/07/2026, 2:36:31 p.m. [32m    LOG[39m [38;5;3m[RoutesResolver] [39m[32mReservasController {/api}:[39m[38;5;3m +0ms[39m
[32m[Nest] 46752  - [39m30/07/2026, 2:36:31 p.m. [32m    LOG[39m [38;5;3m[RouterExplorer] [39m[32mMapped {/api/reservas, POST} route[39m[38;5;3m +0ms[39m
[32m[Nest] 46752  - [39m30/07/2026, 2:36:31 p.m. [32m    LOG[39m [38;5;3m[RouterExplorer] [39m[32mMapped {/api/zonas/:id/public, GET} route[39m[38;5;3m +0ms[39m
[32m[Nest] 46752  - [39m30/07/2026, 2:36:31 p.m. [32m    LOG[39m [38;5;3m[RouterExplorer] [39m[32mMapped {/api/solicitudes, POST} route[39m[38;5;3m +0ms[39m
[32m[Nest] 46752  - [39m30/07/2026, 2:36:31 p.m. [32m    LOG[39m [38;5;3m[RouterExplorer] [39m[32mMapped {/api/reservas/disponibilidad, GET} route[39m[38;5;3m +0ms[39m
[32m[Nest] 46752  - [39m30/07/2026, 2:36:31 p.m. [32m    LOG[39m [38;5;3m[RouterExplorer] [39m[32mMapped {/api/edificio/:edificioId/reservas, GET} route[39m[38;5;3m +0ms[39m
[32m[Nest] 46752  - [39m30/07/2026, 2:36:31 p.m. [32m    LOG[39m [38;5;3m[RouterExplorer] [39m[32mMapped {/api/reservas/:id/cancelar, POST} route[39m[38;5;3m +0ms[39m
[32m[Nest] 46752  - [39m30/07/2026, 2:36:31 p.m. [32m    LOG[39m [38;5;3m[RouterExplorer] [39m[32mMapped {/api/edificio/:edificioId/reportes, GET} route[39m[38;5;3m +1ms[39m
[32m[Nest] 46752  - [39m30/07/2026, 2:36:31 p.m. [32m    LOG[39m [38;5;3m[NestApplication] [39m[32mNest application successfully started[39m[38;5;3m +1ms[39m
Backend corriendo en http://localhost:3001
[2J[3J[H[[90m2:36:53 p.m.[0m] File change detected. Starting incremental compilation...

[[90m2:36:54 p.m.[0m] Found 0 errors. Watching for file changes.

[2J[3J[H[[90m2:36:54 p.m.[0m] File change detected. Starting incremental compilation...

[96msrc/zonas/dto/update-zona.dto.ts[0m:[93m1[0m:[93m29[0m - [91merror[0m[90m TS2307: [0mCannot find module '@nestjs/mapped-types' or its corresponding type declarations.

[7m1[0m import { PartialType } from '@nestjs/mapped-types';
[7m [0m [91m                            ~~~~~~~~~~~~~~~~~~~~~~[0m

[[90m2:36:55 p.m.[0m] Found 1 error. Watching for file changes.

[2J[3J[H[[90m2:36:55 p.m.[0m] File change detected. Starting incremental compilation...

[96msrc/zonas/dto/update-zona.dto.ts[0m:[93m1[0m:[93m29[0m - [91merror[0m[90m TS2307: [0mCannot find module '@nestjs/mapped-types' or its corresponding type declarations.

[7m1[0m import { PartialType } from '@nestjs/mapped-types';
[7m [0m [91m                            ~~~~~~~~~~~~~~~~~~~~~~[0m

[[90m2:36:55 p.m.[0m] Found 1 error. Watching for file changes.

[32m[Nest] 20472  - [39m30/07/2026, 2:36:56 p.m. [32m    LOG[39m [38;5;3m[NestFactory] [39m[32mStarting Nest application...[39m
[32m[Nest] 20472  - [39m30/07/2026, 2:36:56 p.m. [32m    LOG[39m [38;5;3m[InstanceLoader] [39m[32mMongooseModule dependencies initialized[39m[38;5;3m +9ms[39m
[32m[Nest] 20472  - [39m30/07/2026, 2:36:56 p.m. [32m    LOG[39m [38;5;3m[InstanceLoader] [39m[32mPassportModule dependencies initialized[39m[38;5;3m +1ms[39m
[32m[Nest] 20472  - [39m30/07/2026, 2:36:56 p.m. [32m    LOG[39m [38;5;3m[InstanceLoader] [39m[32mEdificioModule dependencies initialized[39m[38;5;3m +0ms[39m
[32m[Nest] 20472  - [39m30/07/2026, 2:36:56 p.m. [32m    LOG[39m [38;5;3m[InstanceLoader] [39m[32mEventsModule dependencies initialized[39m[38;5;3m +0ms[39m
[32m[Nest] 20472  - [39m30/07/2026, 2:36:56 p.m. [32m    LOG[39m [38;5;3m[InstanceLoader] [39m[32mConfigHostModule dependencies initialized[39m[38;5;3m +0ms[39m
[32m[Nest] 20472  - [39m30/07/2026, 2:36:56 p.m. [32m    LOG[39m [38;5;3m[InstanceLoader] [39m[32mThrottlerModule dependencies initialized[39m[38;5;3m +0ms[39m
[32m[Nest] 20472  - [39m30/07/2026, 2:36:56 p.m. [32m    LOG[39m [38;5;3m[InstanceLoader] [39m[32mConfigModule dependencies initialized[39m[38;5;3m +0ms[39m
[32m[Nest] 20472  - [39m30/07/2026, 2:36:56 p.m. [32m    LOG[39m [38;5;3m[InstanceLoader] [39m[32mConfigModule dependencies initialized[39m[38;5;3m +0ms[39m
[32m[Nest] 20472  - [39m30/07/2026, 2:36:56 p.m. [32m    LOG[39m [38;5;3m[InstanceLoader] [39m[32mAppModule dependencies initialized[39m[38;5;3m +0ms[39m
[32m[Nest] 20472  - [39m30/07/2026, 2:36:56 p.m. [32m    LOG[39m [38;5;3m[InstanceLoader] [39m[32mJwtModule dependencies initialized[39m[38;5;3m +12ms[39m
[32m[Nest] 20472  - [39m30/07/2026, 2:36:56 p.m. [32m    LOG[39m [38;5;3m[InstanceLoader] [39m[32mMongooseCoreModule dependencies initialized[39m[38;5;3m +576ms[39m
[32m[Nest] 20472  - [39m30/07/2026, 2:36:56 p.m. [32m    LOG[39m [38;5;3m[InstanceLoader] [39m[32mMongooseModule dependencies initialized[39m[38;5;3m +2ms[39m
[32m[Nest] 20472  - [39m30/07/2026, 2:36:56 p.m. [32m    LOG[39m [38;5;3m[InstanceLoader] [39m[32mMongooseModule dependencies initialized[39m[38;5;3m +0ms[39m
[32m[Nest] 20472  - [39m30/07/2026, 2:36:56 p.m. [32m    LOG[39m [38;5;3m[InstanceLoader] [39m[32mMongooseModule dependencies initialized[39m[38;5;3m +0ms[39m
[32m[Nest] 20472  - [39m30/07/2026, 2:36:56 p.m. [32m    LOG[39m [38;5;3m[InstanceLoader] [39m[32mMongooseModule dependencies initialized[39m[38;5;3m +0ms[39m
[32m[Nest] 20472  - [39m30/07/2026, 2:36:56 p.m. [32m    LOG[39m [38;5;3m[InstanceLoader] [39m[32mAuthModule dependencies initialized[39m[38;5;3m +1ms[39m
[32m[Nest] 20472  - [39m30/07/2026, 2:36:56 p.m. [32m    LOG[39m [38;5;3m[InstanceLoader] [39m[32mReservasModule dependencies initialized[39m[38;5;3m +0ms[39m
[32m[Nest] 20472  - [39m30/07/2026, 2:36:56 p.m. [32m    LOG[39m [38;5;3m[InstanceLoader] [39m[32mZonasModule dependencies initialized[39m[38;5;3m +0ms[39m
[32m[Nest] 20472  - [39m30/07/2026, 2:36:56 p.m. [32m    LOG[39m [38;5;3m[RoutesResolver] [39m[32mAuthController {/api/auth}:[39m[38;5;3m +28ms[39m
[32m[Nest] 20472  - [39m30/07/2026, 2:36:56 p.m. [32m    LOG[39m [38;5;3m[RouterExplorer] [39m[32mMapped {/api/auth/register, POST} route[39m[38;5;3m +2ms[39m
[32m[Nest] 20472  - [39m30/07/2026, 2:36:56 p.m. [32m    LOG[39m [38;5;3m[RouterExplorer] [39m[32mMapped {/api/auth/login, POST} route[39m[38;5;3m +0ms[39m
[32m[Nest] 20472  - [39m30/07/2026, 2:36:56 p.m. [32m    LOG[39m [38;5;3m[RoutesResolver] [39m[32mZonasController {/api/zonas}:[39m[38;5;3m +0ms[39m
[32m[Nest] 20472  - [39m30/07/2026, 2:36:56 p.m. [32m    LOG[39m [38;5;3m[RouterExplorer] [39m[32mMapped {/api/zonas, POST} route[39m[38;5;3m +1ms[39m
[32m[Nest] 20472  - [39m30/07/2026, 2:36:56 p.m. [32m    LOG[39m [38;5;3m[RouterExplorer] [39m[32mMapped {/api/zonas, GET} route[39m[38;5;3m +0ms[39m
[32m[Nest] 20472  - [39m30/07/2026, 2:36:56 p.m. [32m    LOG[39m [38;5;3m[RouterExplorer] [39m[32mMapped {/api/zonas/:id, GET} route[39m[38;5;3m +0ms[39m
[32m[Nest] 20472  - [39m30/07/2026, 2:36:56 p.m. [32m    LOG[39m [38;5;3m[RouterExplorer] [39m[32mMapped {/api/zonas/:id, PUT} route[39m[38;5;3m +0ms[39m
[32m[Nest] 20472  - [39m30/07/2026, 2:36:56 p.m. [32m    LOG[39m [38;5;3m[RouterExplorer] [39m[32mMapped {/api/zonas/:id, DELETE} route[39m[38;5;3m +0ms[39m
[32m[Nest] 20472  - [39m30/07/2026, 2:36:56 p.m. [32m    LOG[39m [38;5;3m[RoutesResolver] [39m[32mReservasController {/api}:[39m[38;5;3m +0ms[39m
[32m[Nest] 20472  - [39m30/07/2026, 2:36:56 p.m. [32m    LOG[39m [38;5;3m[RouterExplorer] [39m[32mMapped {/api/reservas, POST} route[39m[38;5;3m +1ms[39m
[32m[Nest] 20472  - [39m30/07/2026, 2:36:56 p.m. [32m    LOG[39m [38;5;3m[RouterExplorer] [39m[32mMapped {/api/zonas/:id/public, GET} route[39m[38;5;3m +0ms[39m
[32m[Nest] 20472  - [39m30/07/2026, 2:36:56 p.m. [32m    LOG[39m [38;5;3m[RouterExplorer] [39m[32mMapped {/api/solicitudes, POST} route[39m[38;5;3m +0ms[39m
[32m[Nest] 20472  - [39m30/07/2026, 2:36:56 p.m. [32m    LOG[39m [38;5;3m[RouterExplorer] [39m[32mMapped {/api/reservas/disponibilidad, GET} route[39m[38;5;3m +0ms[39m
[32m[Nest] 20472  - [39m30/07/2026, 2:36:56 p.m. [32m    LOG[39m [38;5;3m[RouterExplorer] [39m[32mMapped {/api/edificio/:edificioId/reservas, GET} route[39m[38;5;3m +0ms[39m
[32m[Nest] 20472  - [39m30/07/2026, 2:36:56 p.m. [32m    LOG[39m [38;5;3m[RouterExplorer] [39m[32mMapped {/api/reservas/:id/cancelar, POST} route[39m[38;5;3m +0ms[39m
[32m[Nest] 20472  - [39m30/07/2026, 2:36:56 p.m. [32m    LOG[39m [38;5;3m[RouterExplorer] [39m[32mMapped {/api/edificio/:edificioId/reportes, GET} route[39m[38;5;3m +0ms[39m
[32m[Nest] 20472  - [39m30/07/2026, 2:36:56 p.m. [32m    LOG[39m [38;5;3m[NestApplication] [39m[32mNest application successfully started[39m[38;5;3m +2ms[39m
Backend corriendo en http://localhost:3001
[2J[3J[H[[90m2:36:56 p.m.[0m] File change detected. Starting incremental compilation...

[96msrc/zonas/dto/update-zona.dto.ts[0m:[93m1[0m:[93m29[0m - [91merror[0m[90m TS2307: [0mCannot find module '@nestjs/mapped-types' or its corresponding type declarations.

[7m1[0m import { PartialType } from '@nestjs/mapped-types';
[7m [0m [91m                            ~~~~~~~~~~~~~~~~~~~~~~[0m

[[90m2:36:56 p.m.[0m] Found 1 error. Watching for file changes.

[2J[3J[H[[90m2:37:04 p.m.[0m] File change detected. Starting incremental compilation...

[96msrc/zonas/dto/update-zona.dto.ts[0m:[93m1[0m:[93m29[0m - [91merror[0m[90m TS2307: [0mCannot find module '@nestjs/mapped-types' or its corresponding type declarations.

[7m1[0m import { PartialType } from '@nestjs/mapped-types';
[7m [0m [91m                            ~~~~~~~~~~~~~~~~~~~~~~[0m

[96msrc/zonas/zonas.controller.ts[0m:[93m37[0m:[93m30[0m - [91merror[0m[90m TS2554: [0mExpected 3 arguments, but got 2.

[7m37[0m     return this.zonasService.update(id, dto);
[7m  [0m [91m                             ~~~~~~[0m

  [96msrc/zonas/zonas.service.ts[0m:[93m67[0m:[93m48[0m
    [7m67[0m   async update(id: string, dto: UpdateZonaDto, edificioId: string) {
    [7m  [0m [96m                                               ~~~~~~~~~~~~~~~~~~[0m
    An argument for 'edificioId' was not provided.

[96msrc/zonas/zonas.controller.ts[0m:[93m42[0m:[93m30[0m - [91merror[0m[90m TS2554: [0mExpected 2 arguments, but got 1.

[7m42[0m     return this.zonasService.remove(id);
[7m  [0m [91m                             ~~~~~~[0m

  [96msrc/zonas/zonas.service.ts[0m:[93m95[0m:[93m28[0m
    [7m95[0m   async remove(id: string, edificioId: string) {
    [7m  [0m [96m                           ~~~~~~~~~~~~~~~~~~[0m
    An argument for 'edificioId' was not provided.

[96msrc/zonas/zonas.service.ts[0m:[93m70[0m:[93m31[0m - [91merror[0m[90m TS2339: [0mProperty 'horarioInicio' does not exist on type 'UpdateZonaDto'.

[7m70[0m     const horarioInicio = dto.horarioInicio;
[7m  [0m [91m                              ~~~~~~~~~~~~~[0m

[96msrc/zonas/zonas.service.ts[0m:[93m71[0m:[93m28[0m - [91merror[0m[90m TS2339: [0mProperty 'horarioFin' does not exist on type 'UpdateZonaDto'.

[7m71[0m     const horarioFin = dto.horarioFin;
[7m  [0m [91m                           ~~~~~~~~~~[0m

[96msrc/zonas/zonas.service.ts[0m:[93m72[0m:[93m30[0m - [91merror[0m[90m TS2339: [0mProperty 'lapsoMinutos' does not exist on type 'UpdateZonaDto'.

[7m72[0m     const lapsoMinutos = dto.lapsoMinutos;
[7m  [0m [91m                             ~~~~~~~~~~~~[0m

[96msrc/zonas/zonas.service.ts[0m:[93m80[0m:[93m26[0m - [91merror[0m[90m TS18047: [0m'zona' is possibly 'null'.

[7m80[0m         horarioInicio || zona.horarioInicio,
[7m  [0m [91m                         ~~~~[0m

[96msrc/zonas/zonas.service.ts[0m:[93m81[0m:[93m23[0m - [91merror[0m[90m TS18047: [0m'zona' is possibly 'null'.

[7m81[0m         horarioFin || zona.horarioFin,
[7m  [0m [91m                      ~~~~[0m

[96msrc/zonas/zonas.service.ts[0m:[93m82[0m:[93m25[0m - [91merror[0m[90m TS18047: [0m'zona' is possibly 'null'.

[7m82[0m         lapsoMinutos ?? zona.lapsoMinutos,
[7m  [0m [91m                        ~~~~[0m

[[90m2:37:05 p.m.[0m] Found 9 errors. Watching for file changes.

[2J[3J[H[[90m2:37:06 p.m.[0m] File change detected. Starting incremental compilation...

[96msrc/zonas/dto/update-zona.dto.ts[0m:[93m1[0m:[93m29[0m - [91merror[0m[90m TS2307: [0mCannot find module '@nestjs/mapped-types' or its corresponding type declarations.

[7m1[0m import { PartialType } from '@nestjs/mapped-types';
[7m [0m [91m                            ~~~~~~~~~~~~~~~~~~~~~~[0m

[96msrc/zonas/zonas.service.ts[0m:[93m70[0m:[93m31[0m - [91merror[0m[90m TS2339: [0mProperty 'horarioInicio' does not exist on type 'UpdateZonaDto'.

[7m70[0m     const horarioInicio = dto.horarioInicio;
[7m  [0m [91m                              ~~~~~~~~~~~~~[0m

[96msrc/zonas/zonas.service.ts[0m:[93m71[0m:[93m28[0m - [91merror[0m[90m TS2339: [0mProperty 'horarioFin' does not exist on type 'UpdateZonaDto'.

[7m71[0m     const horarioFin = dto.horarioFin;
[7m  [0m [91m                           ~~~~~~~~~~[0m

[96msrc/zonas/zonas.service.ts[0m:[93m72[0m:[93m30[0m - [91merror[0m[90m TS2339: [0mProperty 'lapsoMinutos' does not exist on type 'UpdateZonaDto'.

[7m72[0m     const lapsoMinutos = dto.lapsoMinutos;
[7m  [0m [91m                             ~~~~~~~~~~~~[0m

[96msrc/zonas/zonas.service.ts[0m:[93m80[0m:[93m26[0m - [91merror[0m[90m TS18047: [0m'zona' is possibly 'null'.

[7m80[0m         horarioInicio || zona.horarioInicio,
[7m  [0m [91m                         ~~~~[0m

[96msrc/zonas/zonas.service.ts[0m:[93m81[0m:[93m23[0m - [91merror[0m[90m TS18047: [0m'zona' is possibly 'null'.

[7m81[0m         horarioFin || zona.horarioFin,
[7m  [0m [91m                      ~~~~[0m

[96msrc/zonas/zonas.service.ts[0m:[93m82[0m:[93m25[0m - [91merror[0m[90m TS18047: [0m'zona' is possibly 'null'.

[7m82[0m         lapsoMinutos ?? zona.lapsoMinutos,
[7m  [0m [91m                        ~~~~[0m

[[90m2:37:07 p.m.[0m] Found 7 errors. Watching for file changes.

[2J[3J[H[[90m2:37:18 p.m.[0m] File change detected. Starting incremental compilation...

[96msrc/zonas/dto/update-zona.dto.ts[0m:[93m1[0m:[93m29[0m - [91merror[0m[90m TS2307: [0mCannot find module '@nestjs/mapped-types' or its corresponding type declarations.

[7m1[0m import { PartialType } from '@nestjs/mapped-types';
[7m [0m [91m                            ~~~~~~~~~~~~~~~~~~~~~~[0m

[96msrc/zonas/zonas.service.ts[0m:[93m70[0m:[93m31[0m - [91merror[0m[90m TS2339: [0mProperty 'horarioInicio' does not exist on type 'UpdateZonaDto'.

[7m70[0m     const horarioInicio = dto.horarioInicio;
[7m  [0m [91m                              ~~~~~~~~~~~~~[0m

[96msrc/zonas/zonas.service.ts[0m:[93m71[0m:[93m28[0m - [91merror[0m[90m TS2339: [0mProperty 'horarioFin' does not exist on type 'UpdateZonaDto'.

[7m71[0m     const horarioFin = dto.horarioFin;
[7m  [0m [91m                           ~~~~~~~~~~[0m

[96msrc/zonas/zonas.service.ts[0m:[93m72[0m:[93m30[0m - [91merror[0m[90m TS2339: [0mProperty 'lapsoMinutos' does not exist on type 'UpdateZonaDto'.

[7m72[0m     const lapsoMinutos = dto.lapsoMinutos;
[7m  [0m [91m                             ~~~~~~~~~~~~[0m

[96msrc/zonas/zonas.service.ts[0m:[93m80[0m:[93m26[0m - [91merror[0m[90m TS18047: [0m'zona' is possibly 'null'.

[7m80[0m         horarioInicio || zona.horarioInicio,
[7m  [0m [91m                         ~~~~[0m

[96msrc/zonas/zonas.service.ts[0m:[93m81[0m:[93m23[0m - [91merror[0m[90m TS18047: [0m'zona' is possibly 'null'.

[7m81[0m         horarioFin || zona.horarioFin,
[7m  [0m [91m                      ~~~~[0m

[96msrc/zonas/zonas.service.ts[0m:[93m82[0m:[93m25[0m - [91merror[0m[90m TS18047: [0m'zona' is possibly 'null'.

[7m82[0m         lapsoMinutos ?? zona.lapsoMinutos,
[7m  [0m [91m                        ~~~~[0m

[[90m2:37:18 p.m.[0m] Found 7 errors. Watching for file changes.

[2J[3J[H[[90m2:37:22 p.m.[0m] File change detected. Starting incremental compilation...

[96msrc/zonas/dto/update-zona.dto.ts[0m:[93m1[0m:[93m29[0m - [91merror[0m[90m TS2307: [0mCannot find module '@nestjs/mapped-types' or its corresponding type declarations.

[7m1[0m import { PartialType } from '@nestjs/mapped-types';
[7m [0m [91m                            ~~~~~~~~~~~~~~~~~~~~~~[0m

[96msrc/zonas/zonas.service.ts[0m:[93m70[0m:[93m31[0m - [91merror[0m[90m TS2339: [0mProperty 'horarioInicio' does not exist on type 'UpdateZonaDto'.

[7m70[0m     const horarioInicio = dto.horarioInicio;
[7m  [0m [91m                              ~~~~~~~~~~~~~[0m

[96msrc/zonas/zonas.service.ts[0m:[93m71[0m:[93m28[0m - [91merror[0m[90m TS2339: [0mProperty 'horarioFin' does not exist on type 'UpdateZonaDto'.

[7m71[0m     const horarioFin = dto.horarioFin;
[7m  [0m [91m                           ~~~~~~~~~~[0m

[96msrc/zonas/zonas.service.ts[0m:[93m72[0m:[93m30[0m - [91merror[0m[90m TS2339: [0mProperty 'lapsoMinutos' does not exist on type 'UpdateZonaDto'.

[7m72[0m     const lapsoMinutos = dto.lapsoMinutos;
[7m  [0m [91m                             ~~~~~~~~~~~~[0m

[96msrc/zonas/zonas.service.ts[0m:[93m80[0m:[93m26[0m - [91merror[0m[90m TS18047: [0m'zona' is possibly 'null'.

[7m80[0m         horarioInicio || zona.horarioInicio,
[7m  [0m [91m                         ~~~~[0m

[96msrc/zonas/zonas.service.ts[0m:[93m81[0m:[93m23[0m - [91merror[0m[90m TS18047: [0m'zona' is possibly 'null'.

[7m81[0m         horarioFin || zona.horarioFin,
[7m  [0m [91m                      ~~~~[0m

[96msrc/zonas/zonas.service.ts[0m:[93m82[0m:[93m25[0m - [91merror[0m[90m TS18047: [0m'zona' is possibly 'null'.

[7m82[0m         lapsoMinutos ?? zona.lapsoMinutos,
[7m  [0m [91m                        ~~~~[0m

[[90m2:37:22 p.m.[0m] Found 7 errors. Watching for file changes.

[2J[3J[H[[90m2:37:28 p.m.[0m] File change detected. Starting incremental compilation...

[96msrc/zonas/zonas.service.ts[0m:[93m80[0m:[93m26[0m - [91merror[0m[90m TS18047: [0m'zona' is possibly 'null'.

[7m80[0m         horarioInicio || zona.horarioInicio,
[7m  [0m [91m                         ~~~~[0m

[96msrc/zonas/zonas.service.ts[0m:[93m81[0m:[93m23[0m - [91merror[0m[90m TS18047: [0m'zona' is possibly 'null'.

[7m81[0m         horarioFin || zona.horarioFin,
[7m  [0m [91m                      ~~~~[0m

[96msrc/zonas/zonas.service.ts[0m:[93m82[0m:[93m25[0m - [91merror[0m[90m TS18047: [0m'zona' is possibly 'null'.

[7m82[0m         lapsoMinutos ?? zona.lapsoMinutos,
[7m  [0m [91m                        ~~~~[0m

[[90m2:37:29 p.m.[0m] Found 3 errors. Watching for file changes.

[2J[3J[H[[90m2:37:43 p.m.[0m] File change detected. Starting incremental compilation...

[[90m2:37:44 p.m.[0m] Found 0 errors. Watching for file changes.

[32m[Nest] 30084  - [39m30/07/2026, 2:37:46 p.m. [32m    LOG[39m [38;5;3m[NestFactory] [39m[32mStarting Nest application...[39m
[32m[Nest] 30084  - [39m30/07/2026, 2:37:46 p.m. [32m    LOG[39m [38;5;3m[InstanceLoader] [39m[32mMongooseModule dependencies initialized[39m[38;5;3m +15ms[39m
[32m[Nest] 30084  - [39m30/07/2026, 2:37:46 p.m. [32m    LOG[39m [38;5;3m[InstanceLoader] [39m[32mPassportModule dependencies initialized[39m[38;5;3m +0ms[39m
[32m[Nest] 30084  - [39m30/07/2026, 2:37:46 p.m. [32m    LOG[39m [38;5;3m[InstanceLoader] [39m[32mEdificioModule dependencies initialized[39m[38;5;3m +0ms[39m
[32m[Nest] 30084  - [39m30/07/2026, 2:37:46 p.m. [32m    LOG[39m [38;5;3m[InstanceLoader] [39m[32mEventsModule dependencies initialized[39m[38;5;3m +0ms[39m
[32m[Nest] 30084  - [39m30/07/2026, 2:37:46 p.m. [32m    LOG[39m [38;5;3m[InstanceLoader] [39m[32mConfigHostModule dependencies initialized[39m[38;5;3m +1ms[39m
[32m[Nest] 30084  - [39m30/07/2026, 2:37:46 p.m. [32m    LOG[39m [38;5;3m[InstanceLoader] [39m[32mThrottlerModule dependencies initialized[39m[38;5;3m +0ms[39m
[32m[Nest] 30084  - [39m30/07/2026, 2:37:46 p.m. [32m    LOG[39m [38;5;3m[InstanceLoader] [39m[32mConfigModule dependencies initialized[39m[38;5;3m +0ms[39m
[32m[Nest] 30084  - [39m30/07/2026, 2:37:46 p.m. [32m    LOG[39m [38;5;3m[InstanceLoader] [39m[32mConfigModule dependencies initialized[39m[38;5;3m +0ms[39m
[32m[Nest] 30084  - [39m30/07/2026, 2:37:46 p.m. [32m    LOG[39m [38;5;3m[InstanceLoader] [39m[32mAppModule dependencies initialized[39m[38;5;3m +0ms[39m
[32m[Nest] 30084  - [39m30/07/2026, 2:37:46 p.m. [32m    LOG[39m [38;5;3m[InstanceLoader] [39m[32mJwtModule dependencies initialized[39m[38;5;3m +13ms[39m
[32m[Nest] 30084  - [39m30/07/2026, 2:37:47 p.m. [32m    LOG[39m [38;5;3m[InstanceLoader] [39m[32mMongooseCoreModule dependencies initialized[39m[38;5;3m +586ms[39m
[32m[Nest] 30084  - [39m30/07/2026, 2:37:47 p.m. [32m    LOG[39m [38;5;3m[InstanceLoader] [39m[32mMongooseModule dependencies initialized[39m[38;5;3m +3ms[39m
[32m[Nest] 30084  - [39m30/07/2026, 2:37:47 p.m. [32m    LOG[39m [38;5;3m[InstanceLoader] [39m[32mMongooseModule dependencies initialized[39m[38;5;3m +0ms[39m
[32m[Nest] 30084  - [39m30/07/2026, 2:37:47 p.m. [32m    LOG[39m [38;5;3m[InstanceLoader] [39m[32mMongooseModule dependencies initialized[39m[38;5;3m +0ms[39m
[32m[Nest] 30084  - [39m30/07/2026, 2:37:47 p.m. [32m    LOG[39m [38;5;3m[InstanceLoader] [39m[32mMongooseModule dependencies initialized[39m[38;5;3m +0ms[39m
[32m[Nest] 30084  - [39m30/07/2026, 2:37:47 p.m. [32m    LOG[39m [38;5;3m[InstanceLoader] [39m[32mAuthModule dependencies initialized[39m[38;5;3m +0ms[39m
[32m[Nest] 30084  - [39m30/07/2026, 2:37:47 p.m. [32m    LOG[39m [38;5;3m[InstanceLoader] [39m[32mReservasModule dependencies initialized[39m[38;5;3m +1ms[39m
[32m[Nest] 30084  - [39m30/07/2026, 2:37:47 p.m. [32m    LOG[39m [38;5;3m[InstanceLoader] [39m[32mZonasModule dependencies initialized[39m[38;5;3m +0ms[39m
[32m[Nest] 30084  - [39m30/07/2026, 2:37:47 p.m. [32m    LOG[39m [38;5;3m[RoutesResolver] [39m[32mAuthController {/api/auth}:[39m[38;5;3m +14ms[39m
[32m[Nest] 30084  - [39m30/07/2026, 2:37:47 p.m. [32m    LOG[39m [38;5;3m[RouterExplorer] [39m[32mMapped {/api/auth/register, POST} route[39m[38;5;3m +3ms[39m
[32m[Nest] 30084  - [39m30/07/2026, 2:37:47 p.m. [32m    LOG[39m [38;5;3m[RouterExplorer] [39m[32mMapped {/api/auth/login, POST} route[39m[38;5;3m +0ms[39m
[32m[Nest] 30084  - [39m30/07/2026, 2:37:47 p.m. [32m    LOG[39m [38;5;3m[RoutesResolver] [39m[32mZonasController {/api/zonas}:[39m[38;5;3m +1ms[39m
[32m[Nest] 30084  - [39m30/07/2026, 2:37:47 p.m. [32m    LOG[39m [38;5;3m[RouterExplorer] [39m[32mMapped {/api/zonas, POST} route[39m[38;5;3m +0ms[39m
[32m[Nest] 30084  - [39m30/07/2026, 2:37:47 p.m. [32m    LOG[39m [38;5;3m[RouterExplorer] [39m[32mMapped {/api/zonas, GET} route[39m[38;5;3m +1ms[39m
[32m[Nest] 30084  - [39m30/07/2026, 2:37:47 p.m. [32m    LOG[39m [38;5;3m[RouterExplorer] [39m[32mMapped {/api/zonas/:id, GET} route[39m[38;5;3m +0ms[39m
[32m[Nest] 30084  - [39m30/07/2026, 2:37:47 p.m. [32m    LOG[39m [38;5;3m[RouterExplorer] [39m[32mMapped {/api/zonas/:id, PUT} route[39m[38;5;3m +1ms[39m
[32m[Nest] 30084  - [39m30/07/2026, 2:37:47 p.m. [32m    LOG[39m [38;5;3m[RouterExplorer] [39m[32mMapped {/api/zonas/:id, DELETE} route[39m[38;5;3m +0ms[39m
[32m[Nest] 30084  - [39m30/07/2026, 2:37:47 p.m. [32m    LOG[39m [38;5;3m[RoutesResolver] [39m[32mReservasController {/api}:[39m[38;5;3m +0ms[39m
[32m[Nest] 30084  - [39m30/07/2026, 2:37:47 p.m. [32m    LOG[39m [38;5;3m[RouterExplorer] [39m[32mMapped {/api/reservas, POST} route[39m[38;5;3m +0ms[39m
[32m[Nest] 30084  - [39m30/07/2026, 2:37:47 p.m. [32m    LOG[39m [38;5;3m[RouterExplorer] [39m[32mMapped {/api/zonas/:id/public, GET} route[39m[38;5;3m +1ms[39m
[32m[Nest] 30084  - [39m30/07/2026, 2:37:47 p.m. [32m    LOG[39m [38;5;3m[RouterExplorer] [39m[32mMapped {/api/edificio/:id/zonas, GET} route[39m[38;5;3m +0ms[39m
[32m[Nest] 30084  - [39m30/07/2026, 2:37:47 p.m. [32m    LOG[39m [38;5;3m[RouterExplorer] [39m[32mMapped {/api/solicitudes, POST} route[39m[38;5;3m +0ms[39m
[32m[Nest] 30084  - [39m30/07/2026, 2:37:47 p.m. [32m    LOG[39m [38;5;3m[RouterExplorer] [39m[32mMapped {/api/reservas/disponibilidad, GET} route[39m[38;5;3m +0ms[39m
[32m[Nest] 30084  - [39m30/07/2026, 2:37:47 p.m. [32m    LOG[39m [38;5;3m[RouterExplorer] [39m[32mMapped {/api/edificio/:edificioId/reservas, GET} route[39m[38;5;3m +0ms[39m
[32m[Nest] 30084  - [39m30/07/2026, 2:37:47 p.m. [32m    LOG[39m [38;5;3m[RouterExplorer] [39m[32mMapped {/api/reservas/:id/cancelar, POST} route[39m[38;5;3m +1ms[39m
[32m[Nest] 30084  - [39m30/07/2026, 2:37:47 p.m. [32m    LOG[39m [38;5;3m[RouterExplorer] [39m[32mMapped {/api/edificio/:edificioId/reportes, GET} route[39m[38;5;3m +0ms[39m
[32m[Nest] 30084  - [39m30/07/2026, 2:37:47 p.m. [32m    LOG[39m [38;5;3m[NestApplication] [39m[32mNest application successfully started[39m[38;5;3m +3ms[39m
Backend corriendo en http://localhost:3001
[2J[3J[H[[90m2:39:19 p.m.[0m] File change detected. Starting incremental compilation...

[[90m2:39:21 p.m.[0m] Found 0 errors. Watching for file changes.

[2J[3J[H[[90m2:39:23 p.m.[0m] File change detected. Starting incremental compilation...

[32m[Nest] 10232  - [39m30/07/2026, 2:39:23 p.m. [32m    LOG[39m [38;5;3m[NestFactory] [39m[32mStarting Nest application...[39m
[32m[Nest] 10232  - [39m30/07/2026, 2:39:23 p.m. [32m    LOG[39m [38;5;3m[InstanceLoader] [39m[32mMongooseModule dependencies initialized[39m[38;5;3m +14ms[39m
[32m[Nest] 10232  - [39m30/07/2026, 2:39:23 p.m. [32m    LOG[39m [38;5;3m[InstanceLoader] [39m[32mPassportModule dependencies initialized[39m[38;5;3m +0ms[39m
[32m[Nest] 10232  - [39m30/07/2026, 2:39:23 p.m. [32m    LOG[39m [38;5;3m[InstanceLoader] [39m[32mEdificioModule dependencies initialized[39m[38;5;3m +0ms[39m
[32m[Nest] 10232  - [39m30/07/2026, 2:39:23 p.m. [32m    LOG[39m [38;5;3m[InstanceLoader] [39m[32mEventsModule dependencies initialized[39m[38;5;3m +0ms[39m
[32m[Nest] 10232  - [39m30/07/2026, 2:39:23 p.m. [32m    LOG[39m [38;5;3m[InstanceLoader] [39m[32mConfigHostModule dependencies initialized[39m[38;5;3m +1ms[39m
[32m[Nest] 10232  - [39m30/07/2026, 2:39:23 p.m. [32m    LOG[39m [38;5;3m[InstanceLoader] [39m[32mThrottlerModule dependencies initialized[39m[38;5;3m +0ms[39m
[32m[Nest] 10232  - [39m30/07/2026, 2:39:23 p.m. [32m    LOG[39m [38;5;3m[InstanceLoader] [39m[32mConfigModule dependencies initialized[39m[38;5;3m +0ms[39m
[32m[Nest] 10232  - [39m30/07/2026, 2:39:23 p.m. [32m    LOG[39m [38;5;3m[InstanceLoader] [39m[32mConfigModule dependencies initialized[39m[38;5;3m +0ms[39m
[32m[Nest] 10232  - [39m30/07/2026, 2:39:23 p.m. [32m    LOG[39m [38;5;3m[InstanceLoader] [39m[32mAppModule dependencies initialized[39m[38;5;3m +0ms[39m
[32m[Nest] 10232  - [39m30/07/2026, 2:39:23 p.m. [32m    LOG[39m [38;5;3m[InstanceLoader] [39m[32mJwtModule dependencies initialized[39m[38;5;3m +13ms[39m
[32m[Nest] 10232  - [39m30/07/2026, 2:39:24 p.m. [32m    LOG[39m [38;5;3m[InstanceLoader] [39m[32mMongooseCoreModule dependencies initialized[39m[38;5;3m +608ms[39m
[32m[Nest] 10232  - [39m30/07/2026, 2:39:24 p.m. [32m    LOG[39m [38;5;3m[InstanceLoader] [39m[32mMongooseModule dependencies initialized[39m[38;5;3m +5ms[39m
[32m[Nest] 10232  - [39m30/07/2026, 2:39:24 p.m. [32m    LOG[39m [38;5;3m[InstanceLoader] [39m[32mMongooseModule dependencies initialized[39m[38;5;3m +0ms[39m
[32m[Nest] 10232  - [39m30/07/2026, 2:39:24 p.m. [32m    LOG[39m [38;5;3m[InstanceLoader] [39m[32mMongooseModule dependencies initialized[39m[38;5;3m +0ms[39m
[32m[Nest] 10232  - [39m30/07/2026, 2:39:24 p.m. [32m    LOG[39m [38;5;3m[InstanceLoader] [39m[32mMongooseModule dependencies initialized[39m[38;5;3m +0ms[39m
[32m[Nest] 10232  - [39m30/07/2026, 2:39:24 p.m. [32m    LOG[39m [38;5;3m[InstanceLoader] [39m[32mAuthModule dependencies initialized[39m[38;5;3m +1ms[39m
[32m[Nest] 10232  - [39m30/07/2026, 2:39:24 p.m. [32m    LOG[39m [38;5;3m[InstanceLoader] [39m[32mReservasModule dependencies initialized[39m[38;5;3m +1ms[39m
[32m[Nest] 10232  - [39m30/07/2026, 2:39:24 p.m. [32m    LOG[39m [38;5;3m[InstanceLoader] [39m[32mZonasModule dependencies initialized[39m[38;5;3m +0ms[39m
[32m[Nest] 10232  - [39m30/07/2026, 2:39:24 p.m. [32m    LOG[39m [38;5;3m[RoutesResolver] [39m[32mAuthController {/api/auth}:[39m[38;5;3m +19ms[39m
[32m[Nest] 10232  - [39m30/07/2026, 2:39:24 p.m. [32m    LOG[39m [38;5;3m[RouterExplorer] [39m[32mMapped {/api/auth/register, POST} route[39m[38;5;3m +3ms[39m
[32m[Nest] 10232  - [39m30/07/2026, 2:39:24 p.m. [32m    LOG[39m [38;5;3m[RouterExplorer] [39m[32mMapped {/api/auth/login, POST} route[39m[38;5;3m +1ms[39m
[32m[Nest] 10232  - [39m30/07/2026, 2:39:24 p.m. [32m    LOG[39m [38;5;3m[RoutesResolver] [39m[32mZonasController {/api/zonas}:[39m[38;5;3m +0ms[39m
[32m[Nest] 10232  - [39m30/07/2026, 2:39:24 p.m. [32m    LOG[39m [38;5;3m[RouterExplorer] [39m[32mMapped {/api/zonas, POST} route[39m[38;5;3m +0ms[39m
[32m[Nest] 10232  - [39m30/07/2026, 2:39:24 p.m. [32m    LOG[39m [38;5;3m[RouterExplorer] [39m[32mMapped {/api/zonas, GET} route[39m[38;5;3m +0ms[39m
[32m[Nest] 10232  - [39m30/07/2026, 2:39:24 p.m. [32m    LOG[39m [38;5;3m[RouterExplorer] [39m[32mMapped {/api/zonas/:id, GET} route[39m[38;5;3m +1ms[39m
[32m[Nest] 10232  - [39m30/07/2026, 2:39:24 p.m. [32m    LOG[39m [38;5;3m[RouterExplorer] [39m[32mMapped {/api/zonas/:id, PUT} route[39m[38;5;3m +1ms[39m
[32m[Nest] 10232  - [39m30/07/2026, 2:39:24 p.m. [32m    LOG[39m [38;5;3m[RouterExplorer] [39m[32mMapped {/api/zonas/:id, DELETE} route[39m[38;5;3m +0ms[39m
[32m[Nest] 10232  - [39m30/07/2026, 2:39:24 p.m. [32m    LOG[39m [38;5;3m[RoutesResolver] [39m[32mReservasController {/api}:[39m[38;5;3m +0ms[39m
[32m[Nest] 10232  - [39m30/07/2026, 2:39:24 p.m. [32m    LOG[39m [38;5;3m[RouterExplorer] [39m[32mMapped {/api/reservas, POST} route[39m[38;5;3m +0ms[39m
[32m[Nest] 10232  - [39m30/07/2026, 2:39:24 p.m. [32m    LOG[39m [38;5;3m[RouterExplorer] [39m[32mMapped {/api/zonas/:id/public, GET} route[39m[38;5;3m +1ms[39m
[32m[Nest] 10232  - [39m30/07/2026, 2:39:24 p.m. [32m    LOG[39m [38;5;3m[RouterExplorer] [39m[32mMapped {/api/edificio/:id/zonas, GET} route[39m[38;5;3m +0ms[39m
[32m[Nest] 10232  - [39m30/07/2026, 2:39:24 p.m. [32m    LOG[39m [38;5;3m[RouterExplorer] [39m[32mMapped {/api/solicitudes, POST} route[39m[38;5;3m +0ms[39m
[32m[Nest] 10232  - [39m30/07/2026, 2:39:24 p.m. [32m    LOG[39m [38;5;3m[RouterExplorer] [39m[32mMapped {/api/reservas/disponibilidad, GET} route[39m[38;5;3m +1ms[39m
[32m[Nest] 10232  - [39m30/07/2026, 2:39:24 p.m. [32m    LOG[39m [38;5;3m[RouterExplorer] [39m[32mMapped {/api/edificio/:edificioId/reservas, GET} route[39m[38;5;3m +0ms[39m
[32m[Nest] 10232  - [39m30/07/2026, 2:39:24 p.m. [32m    LOG[39m [38;5;3m[RouterExplorer] [39m[32mMapped {/api/reservas/:id/cancelar, POST} route[39m[38;5;3m +0ms[39m
[32m[Nest] 10232  - [39m30/07/2026, 2:39:24 p.m. [32m    LOG[39m [38;5;3m[RouterExplorer] [39m[32mMapped {/api/edificio/:edificioId/reportes, GET} route[39m[38;5;3m +0ms[39m
[32m[Nest] 10232  - [39m30/07/2026, 2:39:24 p.m. [32m    LOG[39m [38;5;3m[NestApplication] [39m[32mNest application successfully started[39m[38;5;3m +4ms[39m
Backend corriendo en http://localhost:3001
[[90m2:39:24 p.m.[0m] Found 0 errors. Watching for file changes.

[2J[3J[H[[90m2:39:25 p.m.[0m] File change detected. Starting incremental compilation...

[[90m2:39:26 p.m.[0m] Found 0 errors. Watching for file changes.

[32m[Nest] 36704  - [39m30/07/2026, 2:39:27 p.m. [32m    LOG[39m [38;5;3m[NestFactory] [39m[32mStarting Nest application...[39m
[32m[Nest] 36704  - [39m30/07/2026, 2:39:27 p.m. [32m    LOG[39m [38;5;3m[InstanceLoader] [39m[32mMongooseModule dependencies initialized[39m[38;5;3m +11ms[39m
[32m[Nest] 36704  - [39m30/07/2026, 2:39:27 p.m. [32m    LOG[39m [38;5;3m[InstanceLoader] [39m[32mPassportModule dependencies initialized[39m[38;5;3m +0ms[39m
[32m[Nest] 36704  - [39m30/07/2026, 2:39:27 p.m. [32m    LOG[39m [38;5;3m[InstanceLoader] [39m[32mEdificioModule dependencies initialized[39m[38;5;3m +0ms[39m
[32m[Nest] 36704  - [39m30/07/2026, 2:39:27 p.m. [32m    LOG[39m [38;5;3m[InstanceLoader] [39m[32mEventsModule dependencies initialized[39m[38;5;3m +0ms[39m
[32m[Nest] 36704  - [39m30/07/2026, 2:39:27 p.m. [32m    LOG[39m [38;5;3m[InstanceLoader] [39m[32mConfigHostModule dependencies initialized[39m[38;5;3m +0ms[39m
[32m[Nest] 36704  - [39m30/07/2026, 2:39:27 p.m. [32m    LOG[39m [38;5;3m[InstanceLoader] [39m[32mThrottlerModule dependencies initialized[39m[38;5;3m +0ms[39m
[32m[Nest] 36704  - [39m30/07/2026, 2:39:27 p.m. [32m    LOG[39m [38;5;3m[InstanceLoader] [39m[32mConfigModule dependencies initialized[39m[38;5;3m +1ms[39m
[32m[Nest] 36704  - [39m30/07/2026, 2:39:27 p.m. [32m    LOG[39m [38;5;3m[InstanceLoader] [39m[32mConfigModule dependencies initialized[39m[38;5;3m +0ms[39m
[32m[Nest] 36704  - [39m30/07/2026, 2:39:27 p.m. [32m    LOG[39m [38;5;3m[InstanceLoader] [39m[32mAppModule dependencies initialized[39m[38;5;3m +0ms[39m
[32m[Nest] 36704  - [39m30/07/2026, 2:39:27 p.m. [32m    LOG[39m [38;5;3m[InstanceLoader] [39m[32mJwtModule dependencies initialized[39m[38;5;3m +11ms[39m
[32m[Nest] 36704  - [39m30/07/2026, 2:39:28 p.m. [32m    LOG[39m [38;5;3m[InstanceLoader] [39m[32mMongooseCoreModule dependencies initialized[39m[38;5;3m +601ms[39m
[32m[Nest] 36704  - [39m30/07/2026, 2:39:28 p.m. [32m    LOG[39m [38;5;3m[InstanceLoader] [39m[32mMongooseModule dependencies initialized[39m[38;5;3m +3ms[39m
[32m[Nest] 36704  - [39m30/07/2026, 2:39:28 p.m. [32m    LOG[39m [38;5;3m[InstanceLoader] [39m[32mMongooseModule dependencies initialized[39m[38;5;3m +0ms[39m
[32m[Nest] 36704  - [39m30/07/2026, 2:39:28 p.m. [32m    LOG[39m [38;5;3m[InstanceLoader] [39m[32mMongooseModule dependencies initialized[39m[38;5;3m +0ms[39m
[32m[Nest] 36704  - [39m30/07/2026, 2:39:28 p.m. [32m    LOG[39m [38;5;3m[InstanceLoader] [39m[32mMongooseModule dependencies initialized[39m[38;5;3m +0ms[39m
[32m[Nest] 36704  - [39m30/07/2026, 2:39:28 p.m. [32m    LOG[39m [38;5;3m[InstanceLoader] [39m[32mAuthModule dependencies initialized[39m[38;5;3m +1ms[39m
[32m[Nest] 36704  - [39m30/07/2026, 2:39:28 p.m. [32m    LOG[39m [38;5;3m[InstanceLoader] [39m[32mReservasModule dependencies initialized[39m[38;5;3m +0ms[39m
[32m[Nest] 36704  - [39m30/07/2026, 2:39:28 p.m. [32m    LOG[39m [38;5;3m[InstanceLoader] [39m[32mZonasModule dependencies initialized[39m[38;5;3m +0ms[39m
[32m[Nest] 36704  - [39m30/07/2026, 2:39:28 p.m. [32m    LOG[39m [38;5;3m[RoutesResolver] [39m[32mAuthController {/api/auth}:[39m[38;5;3m +10ms[39m
[32m[Nest] 36704  - [39m30/07/2026, 2:39:28 p.m. [32m    LOG[39m [38;5;3m[RouterExplorer] [39m[32mMapped {/api/auth/register, POST} route[39m[38;5;3m +2ms[39m
[32m[Nest] 36704  - [39m30/07/2026, 2:39:28 p.m. [32m    LOG[39m [38;5;3m[RouterExplorer] [39m[32mMapped {/api/auth/login, POST} route[39m[38;5;3m +0ms[39m
[32m[Nest] 36704  - [39m30/07/2026, 2:39:28 p.m. [32m    LOG[39m [38;5;3m[RoutesResolver] [39m[32mZonasController {/api/zonas}:[39m[38;5;3m +1ms[39m
[32m[Nest] 36704  - [39m30/07/2026, 2:39:28 p.m. [32m    LOG[39m [38;5;3m[RouterExplorer] [39m[32mMapped {/api/zonas, POST} route[39m[38;5;3m +0ms[39m
[32m[Nest] 36704  - [39m30/07/2026, 2:39:28 p.m. [32m    LOG[39m [38;5;3m[RouterExplorer] [39m[32mMapped {/api/zonas, GET} route[39m[38;5;3m +0ms[39m
[32m[Nest] 36704  - [39m30/07/2026, 2:39:28 p.m. [32m    LOG[39m [38;5;3m[RouterExplorer] [39m[32mMapped {/api/zonas/:id, GET} route[39m[38;5;3m +0ms[39m
[32m[Nest] 36704  - [39m30/07/2026, 2:39:28 p.m. [32m    LOG[39m [38;5;3m[RouterExplorer] [39m[32mMapped {/api/zonas/:id, PUT} route[39m[38;5;3m +0ms[39m
[32m[Nest] 36704  - [39m30/07/2026, 2:39:28 p.m. [32m    LOG[39m [38;5;3m[RouterExplorer] [39m[32mMapped {/api/zonas/:id, DELETE} route[39m[38;5;3m +0ms[39m
[32m[Nest] 36704  - [39m30/07/2026, 2:39:28 p.m. [32m    LOG[39m [38;5;3m[RoutesResolver] [39m[32mReservasController {/api}:[39m[38;5;3m +0ms[39m
[32m[Nest] 36704  - [39m30/07/2026, 2:39:28 p.m. [32m    LOG[39m [38;5;3m[RouterExplorer] [39m[32mMapped {/api/reservas, POST} route[39m[38;5;3m +0ms[39m
[32m[Nest] 36704  - [39m30/07/2026, 2:39:28 p.m. [32m    LOG[39m [38;5;3m[RouterExplorer] [39m[32mMapped {/api/zonas/:id/public, GET} route[39m[38;5;3m +0ms[39m
[32m[Nest] 36704  - [39m30/07/2026, 2:39:28 p.m. [32m    LOG[39m [38;5;3m[RouterExplorer] [39m[32mMapped {/api/edificio/:id/zonas, GET} route[39m[38;5;3m +1ms[39m
[32m[Nest] 36704  - [39m30/07/2026, 2:39:28 p.m. [32m    LOG[39m [38;5;3m[RouterExplorer] [39m[32mMapped {/api/solicitudes, POST} route[39m[38;5;3m +0ms[39m
[32m[Nest] 36704  - [39m30/07/2026, 2:39:28 p.m. [32m    LOG[39m [38;5;3m[RouterExplorer] [39m[32mMapped {/api/reservas/disponibilidad, GET} route[39m[38;5;3m +0ms[39m
[32m[Nest] 36704  - [39m30/07/2026, 2:39:28 p.m. [32m    LOG[39m [38;5;3m[RouterExplorer] [39m[32mMapped {/api/edificio/:edificioId/reservas, GET} route[39m[38;5;3m +0ms[39m
[32m[Nest] 36704  - [39m30/07/2026, 2:39:28 p.m. [32m    LOG[39m [38;5;3m[RouterExplorer] [39m[32mMapped {/api/reservas/:id/cancelar, POST} route[39m[38;5;3m +0ms[39m
[32m[Nest] 36704  - [39m30/07/2026, 2:39:28 p.m. [32m    LOG[39m [38;5;3m[RouterExplorer] [39m[32mMapped {/api/edificio/:edificioId/reportes, GET} route[39m[38;5;3m +0ms[39m
[32m[Nest] 36704  - [39m30/07/2026, 2:39:28 p.m. [32m    LOG[39m [38;5;3m[NestApplication] [39m[32mNest application successfully started[39m[38;5;3m +2ms[39m
Backend corriendo en http://localhost:3001
[2J[3J[H[[90m2:44:18 p.m.[0m] File change detected. Starting incremental compilation...

[[90m2:44:19 p.m.[0m] Found 0 errors. Watching for file changes.

[32m[Nest] 16500  - [39m30/07/2026, 2:44:23 p.m. [32m    LOG[39m [38;5;3m[NestFactory] [39m[32mStarting Nest application...[39m
[32m[Nest] 16500  - [39m30/07/2026, 2:44:23 p.m. [32m    LOG[39m [38;5;3m[InstanceLoader] [39m[32mMongooseModule dependencies initialized[39m[38;5;3m +17ms[39m
[32m[Nest] 16500  - [39m30/07/2026, 2:44:23 p.m. [32m    LOG[39m [38;5;3m[InstanceLoader] [39m[32mPassportModule dependencies initialized[39m[38;5;3m +0ms[39m
[32m[Nest] 16500  - [39m30/07/2026, 2:44:23 p.m. [32m    LOG[39m [38;5;3m[InstanceLoader] [39m[32mEdificioModule dependencies initialized[39m[38;5;3m +0ms[39m
[32m[Nest] 16500  - [39m30/07/2026, 2:44:23 p.m. [32m    LOG[39m [38;5;3m[InstanceLoader] [39m[32mEventsModule dependencies initialized[39m[38;5;3m +0ms[39m
[32m[Nest] 16500  - [39m30/07/2026, 2:44:23 p.m. [32m    LOG[39m [38;5;3m[InstanceLoader] [39m[32mConfigHostModule dependencies initialized[39m[38;5;3m +0ms[39m
[32m[Nest] 16500  - [39m30/07/2026, 2:44:23 p.m. [32m    LOG[39m [38;5;3m[InstanceLoader] [39m[32mThrottlerModule dependencies initialized[39m[38;5;3m +0ms[39m
[32m[Nest] 16500  - [39m30/07/2026, 2:44:23 p.m. [32m    LOG[39m [38;5;3m[InstanceLoader] [39m[32mConfigModule dependencies initialized[39m[38;5;3m +1ms[39m
[32m[Nest] 16500  - [39m30/07/2026, 2:44:23 p.m. [32m    LOG[39m [38;5;3m[InstanceLoader] [39m[32mConfigModule dependencies initialized[39m[38;5;3m +0ms[39m
[32m[Nest] 16500  - [39m30/07/2026, 2:44:23 p.m. [32m    LOG[39m [38;5;3m[InstanceLoader] [39m[32mAppModule dependencies initialized[39m[38;5;3m +0ms[39m
[32m[Nest] 16500  - [39m30/07/2026, 2:44:23 p.m. [32m    LOG[39m [38;5;3m[InstanceLoader] [39m[32mJwtModule dependencies initialized[39m[38;5;3m +17ms[39m
[32m[Nest] 16500  - [39m30/07/2026, 2:44:23 p.m. [32m    LOG[39m [38;5;3m[InstanceLoader] [39m[32mMongooseCoreModule dependencies initialized[39m[38;5;3m +584ms[39m
[32m[Nest] 16500  - [39m30/07/2026, 2:44:23 p.m. [32m    LOG[39m [38;5;3m[InstanceLoader] [39m[32mMongooseModule dependencies initialized[39m[38;5;3m +4ms[39m
[32m[Nest] 16500  - [39m30/07/2026, 2:44:23 p.m. [32m    LOG[39m [38;5;3m[InstanceLoader] [39m[32mMongooseModule dependencies initialized[39m[38;5;3m +0ms[39m
[32m[Nest] 16500  - [39m30/07/2026, 2:44:23 p.m. [32m    LOG[39m [38;5;3m[InstanceLoader] [39m[32mMongooseModule dependencies initialized[39m[38;5;3m +0ms[39m
[32m[Nest] 16500  - [39m30/07/2026, 2:44:23 p.m. [32m    LOG[39m [38;5;3m[InstanceLoader] [39m[32mMongooseModule dependencies initialized[39m[38;5;3m +0ms[39m
[32m[Nest] 16500  - [39m30/07/2026, 2:44:23 p.m. [32m    LOG[39m [38;5;3m[InstanceLoader] [39m[32mAuthModule dependencies initialized[39m[38;5;3m +1ms[39m
[32m[Nest] 16500  - [39m30/07/2026, 2:44:23 p.m. [32m    LOG[39m [38;5;3m[InstanceLoader] [39m[32mReservasModule dependencies initialized[39m[38;5;3m +1ms[39m
[32m[Nest] 16500  - [39m30/07/2026, 2:44:23 p.m. [32m    LOG[39m [38;5;3m[InstanceLoader] [39m[32mZonasModule dependencies initialized[39m[38;5;3m +0ms[39m
[32m[Nest] 16500  - [39m30/07/2026, 2:44:23 p.m. [32m    LOG[39m [38;5;3m[RoutesResolver] [39m[32mAuthController {/api/auth}:[39m[38;5;3m +17ms[39m
[32m[Nest] 16500  - [39m30/07/2026, 2:44:23 p.m. [32m    LOG[39m [38;5;3m[RouterExplorer] [39m[32mMapped {/api/auth/register, POST} route[39m[38;5;3m +3ms[39m
[32m[Nest] 16500  - [39m30/07/2026, 2:44:23 p.m. [32m    LOG[39m [38;5;3m[RouterExplorer] [39m[32mMapped {/api/auth/login, POST} route[39m[38;5;3m +1ms[39m
[32m[Nest] 16500  - [39m30/07/2026, 2:44:23 p.m. [32m    LOG[39m [38;5;3m[RoutesResolver] [39m[32mZonasController {/api/zonas}:[39m[38;5;3m +0ms[39m
[32m[Nest] 16500  - [39m30/07/2026, 2:44:23 p.m. [32m    LOG[39m [38;5;3m[RouterExplorer] [39m[32mMapped {/api/zonas, POST} route[39m[38;5;3m +0ms[39m
[32m[Nest] 16500  - [39m30/07/2026, 2:44:23 p.m. [32m    LOG[39m [38;5;3m[RouterExplorer] [39m[32mMapped {/api/zonas, GET} route[39m[38;5;3m +1ms[39m
[32m[Nest] 16500  - [39m30/07/2026, 2:44:23 p.m. [32m    LOG[39m [38;5;3m[RouterExplorer] [39m[32mMapped {/api/zonas/:id, GET} route[39m[38;5;3m +0ms[39m
[32m[Nest] 16500  - [39m30/07/2026, 2:44:23 p.m. [32m    LOG[39m [38;5;3m[RouterExplorer] [39m[32mMapped {/api/zonas/:id, PUT} route[39m[38;5;3m +1ms[39m
[32m[Nest] 16500  - [39m30/07/2026, 2:44:23 p.m. [32m    LOG[39m [38;5;3m[RouterExplorer] [39m[32mMapped {/api/zonas/:id, DELETE} route[39m[38;5;3m +0ms[39m
[32m[Nest] 16500  - [39m30/07/2026, 2:44:23 p.m. [32m    LOG[39m [38;5;3m[RoutesResolver] [39m[32mReservasController {/api}:[39m[38;5;3m +0ms[39m
[32m[Nest] 16500  - [39m30/07/2026, 2:44:23 p.m. [32m    LOG[39m [38;5;3m[RouterExplorer] [39m[32mMapped {/api/reservas, POST} route[39m[38;5;3m +1ms[39m
[32m[Nest] 16500  - [39m30/07/2026, 2:44:23 p.m. [32m    LOG[39m [38;5;3m[RouterExplorer] [39m[32mMapped {/api/zonas/:id/public, GET} route[39m[38;5;3m +0ms[39m
[32m[Nest] 16500  - [39m30/07/2026, 2:44:23 p.m. [32m    LOG[39m [38;5;3m[RouterExplorer] [39m[32mMapped {/api/edificio/:id/zonas, GET} route[39m[38;5;3m +0ms[39m
[32m[Nest] 16500  - [39m30/07/2026, 2:44:23 p.m. [32m    LOG[39m [38;5;3m[RouterExplorer] [39m[32mMapped {/api/solicitudes, POST} route[39m[38;5;3m +0ms[39m
[32m[Nest] 16500  - [39m30/07/2026, 2:44:23 p.m. [32m    LOG[39m [38;5;3m[RouterExplorer] [39m[32mMapped {/api/reservas/disponibilidad, GET} route[39m[38;5;3m +0ms[39m
[32m[Nest] 16500  - [39m30/07/2026, 2:44:23 p.m. [32m    LOG[39m [38;5;3m[RouterExplorer] [39m[32mMapped {/api/edificio/:edificioId/reservas, GET} route[39m[38;5;3m +0ms[39m
[32m[Nest] 16500  - [39m30/07/2026, 2:44:23 p.m. [32m    LOG[39m [38;5;3m[RouterExplorer] [39m[32mMapped {/api/reservas/:id/cancelar, POST} route[39m[38;5;3m +0ms[39m
[32m[Nest] 16500  - [39m30/07/2026, 2:44:23 p.m. [32m    LOG[39m [38;5;3m[RouterExplorer] [39m[32mMapped {/api/edificio/:edificioId/reportes, GET} route[39m[38;5;3m +1ms[39m
[32m[Nest] 16500  - [39m30/07/2026, 2:44:23 p.m. [32m    LOG[39m [38;5;3m[NestApplication] [39m[32mNest application successfully started[39m[38;5;3m +3ms[39m
Backend corriendo en http://localhost:3001
